date,region,channel,customers,orders,revenue,marketing_spend
2025-10-01,East,Search,621,41,4009.07,359.19
2025-10-01,East,Social,719,23,1971.17,322.94
2025-10-01,East,Email,374,38,3687.91,93.56
2025-10-01,East,Affiliate,467,31,2611.09,189.31
2025-10-01,South,Search,534,27,2155.66,372.5
2025-10-01,South,Social,617,28,3046.87,292.15
2025-10-01,South,Email,319,27,2103.21,102.01
2025-10-01,South,Affiliate,383,21,2145.43,197.06
2025-10-01,North,Search,496,27,2300.08,342.33
2025-10-01,North,Social,613,19,1606.19,291.61
2025-10-01,North,Email,320,35,3375.2,98.39
2025-10-01,North,Affiliate,375,30,2861.59,188.5
2025-10-01,West,Search,489,35,3361.76,342.32
2025-10-01,West,Social,557,35,3267.44,327.06
2025-10-01,West,Email,243,21,1927.99,93.48
2025-10-01,West,Affiliate,322,18,1559.31,187.77
2025-10-02,East,Search,559,30,2507.99,372.45
2025-10-02,East,Social,636,26,2412.09,323.09
2025-10-02,East,Email,299,30,2666.76,95.29
2025-10-02,East,Affiliate,368,24,2188.58,200.37
2025-10-02,South,Search,514,24,2311.51,347.96
2025-10-02,South,Social,553,21,2071.32,302.54
2025-10-02,South,Email,302,22,1899.68,96.74
2025-10-02,South,Affiliate,355,24,2000.23,183.6
2025-10-02,North,Search,480,34,3048.6,376.12
2025-10-02,North,Social,489,20,1812.91,326.28
2025-10-02,North,Email,254,26,2540.76,100.74
2025-10-02,North,Affiliate,325,27,2747.12,188.55
2025-10-02,West,Search,405,28,2455.49,359.85
2025-10-02,West,Social,499,14,1413.42,309.77
2025-10-02,West,Email,240,20,1929.92,94.05
2025-10-02,West,Affiliate,292,24,2471.52,186.79
2025-10-03,East,Search,563,29,2600.48,355.61
2025-10-03,East,Social,594,26,2432.47,315.75
2025-10-03,East,Email,281,32,3007.81,102.05
2025-10-03,East,Affiliate,385,24,2390.04,179.1
2025-10-03,South,Search,481,27,2375.26,353.48
2025-10-03,South,Social,563,20,1675.15,298.91
2025-10-03,South,Email,291,27,2086.73,97.54
2025-10-03,South,Affiliate,337,24,2158.66,200.52
2025-10-03,North,Search,447,29,2861.64,358.47
2025-10-03,North,Social,535,13,1050.8,299.93
2025-10-03,North,Email,229,22,2198.24,103.12
2025-10-03,North,Affiliate,334,18,1706.97,189.4
2025-10-03,West,Search,457,35,2935.89,376.72
2025-10-03,West,Social,446,17,1444.17,308.87
2025-10-03,West,Email,204,13,1123.02,98.6
2025-10-03,West,Affiliate,272,16,1441.28,187.85
2025-10-04,East,Search,552,28,2628.58,361.31
2025-10-04,East,Social,671,28,2732.82,308.04
2025-10-04,East,Email,320,20,1731.81,100.61
2025-10-04,East,Affiliate,410,31,3083.56,193.33
2025-10-04,South,Search,479,30,2561.16,343.96
2025-10-04,South,Social,542,18,1726.06,316.5
2025-10-04,South,Email,281,26,2448.47,103.03
2025-10-04,South,Affiliate,356,13,1108.78,194.51
2025-10-04,North,Search,433,29,2233.07,365.16
2025-10-04,North,Social,521,28,2228.48,320.1
2025-10-04,North,Email,254,24,1665.95,96.89
2025-10-04,North,Affiliate,329,17,1648.4,190.14
2025-10-04,West,Search,404,28,2603.64,370.0
2025-10-04,West,Social,474,12,983.6,321.01
2025-10-04,West,Email,240,25,2039.11,104.43
2025-10-04,West,Affiliate,303,20,1915.16,183.99
2025-10-05,East,Search,543,20,1809.71,346.96
2025-10-05,East,Social,621,17,1424.03,302.1
2025-10-05,East,Email,308,30,2697.67,102.86
2025-10-05,East,Affiliate,420,30,2640.2,194.32
2025-10-05,South,Search,498,30,2439.45,340.38
2025-10-05,South,Social,531,21,1854.38,326.65
2025-10-05,South,Email,277,21,1834.24,100.73
2025-10-05,South,Affiliate,310,19,1621.13,181.39
2025-10-05,North,Search,480,24,2253.17,343.76
2025-10-05,North,Social,537,25,2140.06,315.79
2025-10-05,North,Email,253,14,1347.31,100.84
2025-10-05,North,Affiliate,299,23,2119.68,180.27
2025-10-05,West,Search,438,31,2805.98,351.08
2025-10-05,West,Social,459,21,2027.8,324.56
2025-10-05,West,Email,228,15,1531.78,99.38
2025-10-05,West,Affiliate,326,19,1859.68,180.64
2025-10-06,East,Search,571,29,2364.2,375.47
2025-10-06,East,Social,634,24,2439.62,312.05
2025-10-06,East,Email,319,30,2652.55,101.63
2025-10-06,East,Affiliate,403,36,3351.11,183.85
2025-10-06,South,Search,466,28,2725.85,381.78
2025-10-06,South,Social,568,24,1936.61,328.27
2025-10-06,South,Email,303,21,2224.63,98.61
2025-10-06,South,Affiliate,333,34,3375.55,187.96
2025-10-06,North,Search,465,33,3226.92,346.42
2025-10-06,North,Social,589,22,1717.04,308.16
2025-10-06,North,Email,239,23,2000.13,98.54
2025-10-06,North,Affiliate,319,30,2753.34,188.9
2025-10-06,West,Search,386,28,2580.1,345.37
2025-10-06,West,Social,497,24,1850.17,311.93
2025-10-06,West,Email,235,17,1704.37,101.57
2025-10-06,West,Affiliate,296,20,1687.93,179.65
2025-10-07,East,Search,574,24,2127.47,372.16
2025-10-07,East,Social,611,22,2112.23,303.96
2025-10-07,East,Email,285,27,2582.51,100.01
2025-10-07,East,Affiliate,370,21,2049.12,184.21
2025-10-07,South,Search,480,27,2300.33,379.03
2025-10-07,South,Social,533,20,1993.59,301.75
2025-10-07,South,Email,280,24,2004.91,95.69
2025-10-07,South,Affiliate,327,23,2122.73,189.21
2025-10-07,North,Search,464,24,2123.03,372.23
2025-10-07,North,Social,544,27,2827.31,314.44
2025-10-07,North,Email,266,19,1640.32,93.75
2025-10-07,North,Affiliate,304,23,2219.94,199.28
2025-10-07,West,Search,432,27,2378.98,342.65
2025-10-07,West,Social,455,22,1734.91,328.3
2025-10-07,West,Email,229,16,1411.57,95.55
2025-10-07,West,Affiliate,272,18,1611.41,183.23
2025-10-08,East,Search,540,31,2950.01,376.19
2025-10-08,East,Social,625,29,2653.55,297.6
2025-10-08,East,Email,359,29,2497.18,100.32
2025-10-08,East,Affiliate,380,26,2483.77,187.59
2025-10-08,South,Search,481,45,3590.34,340.67
2025-10-08,South,Social,541,19,1650.44,328.48
2025-10-08,South,Email,303,33,3443.18,100.52
2025-10-08,South,Affiliate,352,20,1745.94,190.73
2025-10-08,North,Search,427,29,2207.66,358.23
2025-10-08,North,Social,536,24,1884.56,310.22
2025-10-08,North,Email,254,22,1872.46,95.28
2025-10-08,North,Affiliate,320,20,1622.34,199.5
2025-10-08,West,Search,391,30,2454.58,342.89
2025-10-08,West,Social,453,18,1424.6,316.92
2025-10-08,West,Email,223,18,1758.13,101.08
2025-10-08,West,Affiliate,265,16,1313.86,199.32
2025-10-09,East,Search,557,32,2687.02,356.26
2025-10-09,East,Social,635,31,2268.47,308.86
2025-10-09,East,Email,311,25,2555.69,96.61
2025-10-09,East,Affiliate,409,23,2316.61,191.25
2025-10-09,South,Search,484,33,3519.45,373.06
2025-10-09,South,Social,602,27,2565.53,317.88
2025-10-09,South,Email,282,21,1761.18,103.98
2025-10-09,South,Affiliate,367,25,2121.23,191.06
2025-10-09,North,Search,460,26,1988.21,349.83
2025-10-09,North,Social,509,25,2034.05,315.32
2025-10-09,North,Email,275,29,2380.97,103.65
2025-10-09,North,Affiliate,294,18,1522.68,189.86
2025-10-09,West,Search,424,30,2530.51,356.07
2025-10-09,West,Social,469,22,2011.83,296.48
2025-10-09,West,Email,229,21,2058.12,104.12
2025-10-09,West,Affiliate,336,17,1492.17,184.18
2025-10-10,East,Search,534,30,2524.71,341.23
2025-10-10,East,Social,616,26,2444.35,325.65
2025-10-10,East,Email,323,25,2091.94,97.56
2025-10-10,East,Affiliate,382,25,2620.14,197.14
2025-10-10,South,Search,509,34,3134.6,375.67
2025-10-10,South,Social,566,15,1254.42,314.27
2025-10-10,South,Email,303,26,2292.89,96.59
2025-10-10,South,Affiliate,373,24,2376.0,191.63
2025-10-10,North,Search,459,28,2245.55,357.64
2025-10-10,North,Social,479,18,1860.64,297.95
2025-10-10,North,Email,245,21,2075.93,104.53
2025-10-10,North,Affiliate,331,25,2343.16,194.15
2025-10-10,West,Search,411,21,1927.32,345.23
2025-10-10,West,Social,426,13,1156.41,297.29
2025-10-10,West,Email,238,20,1542.43,98.79
2025-10-10,West,Affiliate,326,20,1900.04,178.47
2025-10-11,East,Search,559,29,2875.82,346.15
2025-10-11,East,Social,627,27,2216.17,321.64
2025-10-11,East,Email,307,21,2031.93,104.16
2025-10-11,East,Affiliate,397,28,2696.72,199.4
2025-10-11,South,Search,490,23,2169.49,368.33
2025-10-11,South,Social,534,14,1159.52,298.07
2025-10-11,South,Email,296,30,2780.48,93.36
2025-10-11,South,Affiliate,354,28,2450.07,188.88
2025-10-11,North,Search,461,29,2661.22,378.18
2025-10-11,North,Social,508,19,1610.67,310.98
2025-10-11,North,Email,272,24,2163.41,96.23
2025-10-11,North,Affiliate,349,20,2016.17,181.36
2025-10-11,West,Search,405,26,2015.39,380.76
2025-10-11,West,Social,487,21,2186.73,315.24
2025-10-11,West,Email,213,14,1468.27,99.88
2025-10-11,West,Affiliate,266,17,1703.18,194.6
2025-10-12,East,Search,561,29,2773.1,340.86
2025-10-12,East,Social,626,29,2483.44,304.97
2025-10-12,East,Email,321,26,2077.76,97.43
2025-10-12,East,Affiliate,406,32,2870.08,199.32
2025-10-12,South,Search,508,25,2286.48,361.82
2025-10-12,South,Social,555,14,1210.15,301.89
2025-10-12,South,Email,292,23,2496.2,99.95
2025-10-12,South,Affiliate,353,24,2199.45,192.38
2025-10-12,North,Search,486,29,2928.8,371.03
2025-10-12,North,Social,521,23,2011.43,295.84
2025-10-12,North,Email,272,22,2089.24,94.64
2025-10-12,North,Affiliate,313,24,2216.99,195.75
2025-10-12,West,Search,436,18,1540.58,351.55
2025-10-12,West,Social,430,19,1679.63,310.46
2025-10-12,West,Email,244,23,1957.5,96.47
2025-10-12,West,Affiliate,263,17,1789.21,180.69
2025-10-13,East,Search,539,34,3048.09,377.65
2025-10-13,East,Social,623,29,2466.57,314.33
2025-10-13,East,Email,284,26,2241.12,97.29
2025-10-13,East,Affiliate,354,20,1837.03,179.03
2025-10-13,South,Search,474,33,3185.97,383.53
2025-10-13,South,Social,558,24,2030.01,328.49
2025-10-13,South,Email,267,26,2286.92,95.43
2025-10-13,South,Affiliate,345,25,2207.79,193.04
2025-10-13,North,Search,472,29,2597.35,370.15
2025-10-13,North,Social,551,18,1439.13,293.52
2025-10-13,North,Email,275,33,2791.08,95.96
2025-10-13,North,Affiliate,323,18,1714.0,199.03
2025-10-13,West,Search,390,18,1406.34,343.37
2025-10-13,West,Social,511,22,1918.95,295.9
2025-10-13,West,Email,252,20,1846.06,98.47
2025-10-13,West,Affiliate,259,22,2040.18,200.2
2025-10-14,East,Search,525,38,3637.72,375.94
2025-10-14,East,Social,662,24,1870.64,299.18
2025-10-14,East,Email,341,41,4132.97,100.19
2025-10-14,East,Affiliate,381,20,1850.86,196.78
2025-10-14,South,Search,492,30,2818.26,358.36
2025-10-14,South,Social,557,19,1663.96,299.05
2025-10-14,South,Email,266,27,2727.93,97.89
2025-10-14,South,Affiliate,330,22,2258.42,201.32
2025-10-14,North,Search,480,26,2132.54,374.17
2025-10-14,North,Social,530,17,1444.5,317.64
2025-10-14,North,Email,267,28,2312.84,96.8
2025-10-14,North,Affiliate,309,11,1065.49,190.97
2025-10-14,West,Search,444,24,2107.66,342.38
2025-10-14,West,Social,492,23,2164.47,320.51
2025-10-14,West,Email,229,19,1712.26,93.86
2025-10-14,West,Affiliate,292,19,1810.01,187.92
2025-10-15,East,Search,628,27,2641.0,381.22
2025-10-15,East,Social,754,33,3145.42,302.93
2025-10-15,East,Email,368,35,3373.27,99.83
2025-10-15,East,Affiliate,467,36,3227.89,180.19
2025-10-15,South,Search,631,46,4066.98,357.32
2025-10-15,South,Social,636,16,1467.06,315.56
2025-10-15,South,Email,314,26,2330.24,99.89
2025-10-15,South,Affiliate,402,27,2229.06,195.42
2025-10-15,North,Search,558,26,2752.64,341.72
2025-10-15,North,Social,605,22,1717.23,319.59
2025-10-15,North,Email,278,27,2447.59,94.77
2025-10-15,North,Affiliate,370,32,2943.22,190.8
2025-10-15,West,Search,494,22,2102.04,382.24
2025-10-15,West,Social,539,22,2267.49,321.38
2025-10-15,West,Email,316,26,2499.35,101.78
2025-10-15,West,Affiliate,347,20,1749.97,183.21
2025-10-16,East,Search,568,32,2987.21,343.84
2025-10-16,East,Social,629,33,2969.31,297.47
2025-10-16,East,Email,312,32,2484.13,98.04
2025-10-16,East,Affiliate,414,33,3172.1,182.77
2025-10-16,South,Search,460,33,3269.8,378.56
2025-10-16,South,Social,545,20,1811.97,299.32
2025-10-16,South,Email,285,25,2343.94,101.71
2025-10-16,South,Affiliate,340,22,2099.54,198.58
2025-10-16,North,Search,497,20,1793.07,375.75
2025-10-16,North,Social,500,22,1835.6,294.29
2025-10-16,North,Email,265,26,2495.42,99.66
2025-10-16,North,Affiliate,317,28,2528.5,184.03
2025-10-16,West,Search,371,17,1722.72,367.67
2025-10-16,West,Social,449,15,1417.79,297.98
2025-10-16,West,Email,260,23,2001.39,95.49
2025-10-16,West,Affiliate,309,18,1517.66,196.93
2025-10-17,East,Search,573,37,3006.69,356.62
2025-10-17,East,Social,599,26,2594.24,327.12
2025-10-17,East,Email,291,25,2078.36,94.57
2025-10-17,East,Affiliate,352,17,1739.32,188.54
2025-10-17,South,Search,493,29,2939.5,369.0
2025-10-17,South,Social,623,24,2143.04,307.6
2025-10-17,South,Email,285,24,2030.14,95.29
2025-10-17,South,Affiliate,341,24,2431.98,189.23
2025-10-17,North,Search,454,28,2428.52,373.78
2025-10-17,North,Social,458,21,2135.51,302.36
2025-10-17,North,Email,255,28,2353.28,99.79
2025-10-17,North,Affiliate,314,23,1954.33,196.14
2025-10-17,West,Search,427,28,2275.54,367.85
2025-10-17,West,Social,511,19,1519.82,300.9
2025-10-17,West,Email,233,19,1605.97,95.97
2025-10-17,West,Affiliate,276,11,955.79,201.73
2025-10-18,East,Search,565,36,3068.92,356.84
2025-10-18,East,Social,612,32,2780.89,298.11
2025-10-18,East,Email,308,24,2517.21,103.79
2025-10-18,East,Affiliate,373,33,2899.62,184.68
2025-10-18,South,Search,515,29,2741.7,360.53
2025-10-18,South,Social,543,25,2347.63,302.19
2025-10-18,South,Email,266,19,1469.72,102.89
2025-10-18,South,Affiliate,360,20,2099.82,193.82
2025-10-18,North,Search,471,29,2763.69,374.58
2025-10-18,North,Social,473,24,2099.41,330.48
2025-10-18,North,Email,263,24,1942.07,104.58
2025-10-18,North,Affiliate,352,29,2977.7,201.74
2025-10-18,West,Search,421,22,2038.96,358.97
2025-10-18,West,Social,483,20,1841.74,329.72
2025-10-18,West,Email,245,17,1565.7,98.6
2025-10-18,West,Affiliate,275,16,1536.7,196.97
2025-10-19,East,Search,565,25,2268.31,385.75
2025-10-19,East,Social,669,28,3070.64,313.2
2025-10-19,East,Email,273,30,2670.67,101.27
2025-10-19,East,Affiliate,414,33,2299.4,179.53
2025-10-19,South,Search,464,28,2682.76,375.54
2025-10-19,South,Social,592,21,1829.01,327.45
2025-10-19,South,Email,312,29,2384.07,96.69
2025-10-19,South,Affiliate,384,24,2516.39,193.38
2025-10-19,North,Search,498,17,1289.5,378.23
2025-10-19,North,Social,551,16,1756.45,303.24
2025-10-19,North,Email,251,21,1668.81,98.74
2025-10-19,North,Affiliate,339,36,3641.73,187.65
2025-10-19,West,Search,414,27,2070.23,377.7
2025-10-19,West,Social,455,13,1173.19,324.53
2025-10-19,West,Email,230,23,2275.21,105.28
2025-10-19,West,Affiliate,309,22,1959.07,198.14
2025-10-20,East,Search,560,36,3234.87,363.3
2025-10-20,East,Social,605,21,1721.2,327.28
2025-10-20,East,Email,288,22,2023.66,96.84
2025-10-20,East,Affiliate,417,28,2491.67,186.27
2025-10-20,South,Search,461,18,1799.5,374.05
2025-10-20,South,Social,516,21,1817.86,309.41
2025-10-20,South,Email,305,37,3060.61,94.58
2025-10-20,South,Affiliate,337,24,2271.11,196.2
2025-10-20,North,Search,485,31,2783.07,348.89
2025-10-20,North,Social,498,16,1318.24,320.98
2025-10-20,North,Email,234,29,2542.1,103.64
2025-10-20,North,Affiliate,347,22,1949.21,185.65
2025-10-20,West,Search,396,22,2073.16,361.01
2025-10-20,West,Social,475,21,1757.21,310.66
2025-10-20,West,Email,213,21,1860.93,97.33
2025-10-20,West,Affiliate,268,14,1038.98,193.32
2025-10-21,East,Search,559,34,3307.55,366.89
2025-10-21,East,Social,619,23,2147.18,321.25
2025-10-21,East,Email,294,26,2281.39,101.63
2025-10-21,East,Affiliate,388,20,1687.23,199.57
2025-10-21,South,Search,456,23,2011.97,356.98
2025-10-21,South,Social,560,14,1407.85,309.27
2025-10-21,South,Email,250,23,2041.79,95.6
2025-10-21,South,Affiliate,347,23,1924.65,184.67
2025-10-21,North,Search,462,25,2306.61,360.25
2025-10-21,North,Social,527,24,2340.31,296.22
2025-10-21,North,Email,238,25,1781.85,105.58
2025-10-21,North,Affiliate,358,24,2296.15,201.07
2025-10-21,West,Search,415,16,1423.96,354.61
2025-10-21,West,Social,508,28,2327.91,309.68
2025-10-21,West,Email,240,23,2106.85,105.14
2025-10-21,West,Affiliate,296,26,2280.33,197.08
2025-10-22,East,Search,547,28,2502.86,366.47
2025-10-22,East,Social,615,29,2757.68,310.24
2025-10-22,East,Email,300,30,2583.0,105.5
2025-10-22,East,Affiliate,384,33,3608.89,184.41
2025-10-22,South,Search,492,28,2837.6,350.48
2025-10-22,South,Social,533,16,1511.24,328.98
2025-10-22,South,Email,288,34,3301.07,104.44
2025-10-22,South,Affiliate,342,27,2514.69,191.05
2025-10-22,North,Search,422,26,2260.15,377.42
2025-10-22,North,Social,494,18,1551.24,327.23
2025-10-22,North,Email,244,25,2035.78,94.29
2025-10-22,North,Affiliate,314,19,1731.12,191.68
2025-10-22,West,Search,374,20,1777.03,366.62
2025-10-22,West,Social,480,19,1633.03,302.47
2025-10-22,West,Email,252,22,1797.33,96.56
2025-10-22,West,Affiliate,312,22,1887.35,188.97
2025-10-23,East,Search,546,28,2865.54,364.6
2025-10-23,East,Social,703,23,2191.69,318.95
2025-10-23,East,Email,298,13,1286.75,105.47
2025-10-23,East,Affiliate,387,28,2542.13,196.78
2025-10-23,South,Search,463,29,2353.15,354.92
2025-10-23,South,Social,634,22,2261.17,298.25
2025-10-23,South,Email,289,36,3439.17,94.78
2025-10-23,South,Affiliate,354,29,2716.68,197.92
2025-10-23,North,Search,472,38,3413.15,347.19
2025-10-23,North,Social,513,16,1495.25,320.34
2025-10-23,North,Email,262,21,1917.63,94.3
2025-10-23,North,Affiliate,340,18,1256.39,186.05
2025-10-23,West,Search,442,28,2873.86,365.04
2025-10-23,West,Social,485,16,1293.85,331.77
2025-10-23,West,Email,214,15,1276.75,99.1
2025-10-23,West,Affiliate,318,15,1427.99,193.85
2025-10-24,East,Search,552,33,2563.93,379.17
2025-10-24,East,Social,587,24,1995.42,329.02
2025-10-24,East,Email,335,26,2552.61,104.73
2025-10-24,East,Affiliate,388,29,2310.31,192.62
2025-10-24,South,Search,530,38,3521.47,352.49
2025-10-24,South,Social,593,25,1757.9,313.33
2025-10-24,South,Email,279,29,2745.49,105.16
2025-10-24,South,Affiliate,340,23,1922.65,188.36
2025-10-24,North,Search,509,34,3087.67,382.26
2025-10-24,North,Social,519,23,2137.16,319.92
2025-10-24,North,Email,243,23,1866.91,103.22
2025-10-24,North,Affiliate,345,24,2347.48,187.55
2025-10-24,West,Search,444,28,2380.58,353.44
2025-10-24,West,Social,513,17,1373.66,311.87
2025-10-24,West,Email,237,19,1781.14,99.62
2025-10-24,West,Affiliate,295,20,1733.81,198.23
2025-10-25,East,Search,547,36,3718.57,348.24
2025-10-25,East,Social,641,27,2666.47,320.27
2025-10-25,East,Email,295,32,3061.8,96.49
2025-10-25,East,Affiliate,388,25,2245.42,187.58
2025-10-25,South,Search,480,31,3121.9,347.14
2025-10-25,South,Social,573,14,1007.91,306.9
2025-10-25,South,Email,276,29,2973.46,104.33
2025-10-25,South,Affiliate,367,24,1953.48,184.03
2025-10-25,North,Search,454,29,2714.52,375.53
2025-10-25,North,Social,527,15,1179.39,303.39
2025-10-25,North,Email,273,21,1756.7,94.84
2025-10-25,North,Affiliate,314,32,2712.01,202.75
2025-10-25,West,Search,430,30,2832.62,359.26
2025-10-25,West,Social,455,17,1558.04,310.17
2025-10-25,West,Email,232,25,2777.69,101.99
2025-10-25,West,Affiliate,278,23,2010.65,186.85
2025-10-26,East,Search,612,32,3279.2,373.74
2025-10-26,East,Social,652,24,2175.23,298.39
2025-10-26,East,Email,310,27,2859.38,94.95
2025-10-26,East,Affiliate,406,31,2869.36,194.96
2025-10-26,South,Search,487,32,3011.31,384.41
2025-10-26,South,Social,506,20,1679.54,315.56
2025-10-26,South,Email,278,26,2533.2,98.19
2025-10-26,South,Affiliate,392,37,3138.12,180.57
2025-10-26,North,Search,465,18,1432.81,377.23
2025-10-26,North,Social,528,30,3252.63,316.92
2025-10-26,North,Email,227,23,2139.55,103.52
2025-10-26,North,Affiliate,302,17,1717.5,193.51
2025-10-26,West,Search,432,23,2085.04,357.63
2025-10-26,West,Social,502,19,1462.45,325.16
2025-10-26,West,Email,242,20,1626.34,97.6
2025-10-26,West,Affiliate,312,19,2033.9,183.27
2025-10-27,East,Search,591,27,2186.24,353.21
2025-10-27,East,Social,664,20,1955.23,302.91
2025-10-27,East,Email,307,39,3405.91,101.96
2025-10-27,East,Affiliate,364,22,1818.85,187.3
2025-10-27,South,Search,493,25,1921.89,384.41
2025-10-27,South,Social,602,21,1947.76,313.62
2025-10-27,South,Email,273,24,2204.86,101.47
2025-10-27,South,Affiliate,339,28,2701.22,183.26
2025-10-27,North,Search,470,32,3299.35,363.5
2025-10-27,North,Social,520,16,1403.84,302.25
2025-10-27,North,Email,248,20,1639.34,97.31
2025-10-27,North,Affiliate,347,28,2508.64,199.84
2025-10-27,West,Search,438,22,1873.27,358.13
2025-10-27,West,Social,479,15,1430.6,327.86
2025-10-27,West,Email,235,17,1548.81,106.39
2025-10-27,West,Affiliate,320,15,1649.28,191.35
2025-10-28,East,Search,556,33,3287.7,388.65
2025-10-28,East,Social,637,34,3199.29,324.53
2025-10-28,East,Email,300,29,2205.17,105.86
2025-10-28,East,Affiliate,384,24,2078.1,181.43
2025-10-28,South,Search,495,24,2130.77,384.59
2025-10-28,South,Social,565,30,2609.35,317.76
2025-10-28,South,Email,291,25,2054.95,105.92
2025-10-28,South,Affiliate,332,26,2123.7,196.99
2025-10-28,North,Search,481,33,2805.87,383.71
2025-10-28,North,Social,482,18,1603.73,312.75
2025-10-28,North,Email,266,20,1689.93,97.95
2025-10-28,North,Affiliate,309,17,1568.26,188.39
2025-10-28,West,Search,444,27,2470.2,361.53
2025-10-28,West,Social,476,17,1579.49,322.01
2025-10-28,West,Email,248,23,2465.19,103.4
2025-10-28,West,Affiliate,285,21,1669.25,182.88
2025-10-29,East,Search,564,28,2336.67,356.79
2025-10-29,East,Social,649,30,3155.6,300.12
2025-10-29,East,Email,302,25,1964.0,98.42
2025-10-29,East,Affiliate,350,21,1740.29,190.07
2025-10-29,South,Search,537,26,2204.93,353.19
2025-10-29,South,Social,597,25,1928.55,296.69
2025-10-29,South,Email,270,30,2446.1,106.21
2025-10-29,South,Affiliate,359,22,2131.02,199.65
2025-10-29,North,Search,483,33,3276.75,369.23
2025-10-29,North,Social,534,14,1343.89,304.41
2025-10-29,North,Email,243,24,2344.5,99.34
2025-10-29,North,Affiliate,357,38,3300.75,190.36
2025-10-29,West,Search,410,11,1026.61,357.4
2025-10-29,West,Social,469,13,1048.13,311.97
2025-10-29,West,Email,243,19,1823.79,98.01
2025-10-29,West,Affiliate,289,20,1793.7,197.41
2025-10-30,East,Search,589,31,3012.72,359.79
2025-10-30,East,Social,624,25,2529.02,330.13
2025-10-30,East,Email,325,32,3293.44,97.54
2025-10-30,East,Affiliate,400,27,2558.82,185.94
2025-10-30,South,Search,472,17,1513.65,389.34
2025-10-30,South,Social,579,26,2316.87,311.26
2025-10-30,South,Email,264,27,2351.27,96.8
2025-10-30,South,Affiliate,334,26,2417.33,193.92
2025-10-30,North,Search,449,21,1794.26,370.91
2025-10-30,North,Social,552,21,2117.35,321.31
2025-10-30,North,Email,244,18,1897.47,99.03
2025-10-30,North,Affiliate,322,26,2698.14,183.48
2025-10-30,West,Search,444,29,2973.53,374.45
2025-10-30,West,Social,477,21,1899.07,320.84
2025-10-30,West,Email,231,19,1584.12,105.49
2025-10-30,West,Affiliate,307,19,1780.31,192.28
2025-10-31,East,Search,601,27,2707.99,355.92
2025-10-31,East,Social,625,34,2570.06,311.47
2025-10-31,East,Email,283,29,2609.91,97.75
2025-10-31,East,Affiliate,387,28,2581.32,190.01
2025-10-31,South,Search,501,30,3055.57,373.45
2025-10-31,South,Social,541,21,1924.76,314.59
2025-10-31,South,Email,292,34,3292.51,99.57
2025-10-31,South,Affiliate,341,23,1961.77,196.31
2025-10-31,North,Search,461,21,2161.54,387.53
2025-10-31,North,Social,524,18,1722.74,330.98
2025-10-31,North,Email,217,12,1174.04,106.06
2025-10-31,North,Affiliate,301,19,1730.46,182.35
2025-10-31,West,Search,394,17,1511.36,378.91
2025-10-31,West,Social,478,21,1663.96,328.8
2025-10-31,West,Email,256,19,1625.83,105.41
2025-10-31,West,Affiliate,317,18,1574.02,189.37
2025-11-01,East,Search,666,33,3010.92,351.95
2025-11-01,East,Social,758,31,2451.45,302.34
2025-11-01,East,Email,401,42,3449.57,99.59
2025-11-01,East,Affiliate,464,36,3474.64,182.98
2025-11-01,South,Search,605,33,3218.54,355.7
2025-11-01,South,Social,666,25,2055.6,304.24
2025-11-01,South,Email,303,29,2387.87,95.76
2025-11-01,South,Affiliate,421,27,2143.7,196.62
2025-11-01,North,Search,519,27,2831.14,390.78
2025-11-01,North,Social,616,29,2997.92,306.62
2025-11-01,North,Email,311,31,3004.47,102.35
2025-11-01,North,Affiliate,417,27,2412.82,201.43
2025-11-01,West,Search,475,18,1743.22,357.97
2025-11-01,West,Social,550,13,941.78,307.94
2025-11-01,West,Email,282,28,2372.0,95.43
2025-11-01,West,Affiliate,363,29,2414.45,182.8
2025-11-02,East,Search,568,28,2655.37,360.35
2025-11-02,East,Social,621,28,2781.24,335.76
2025-11-02,East,Email,320,25,2268.8,99.21
2025-11-02,East,Affiliate,408,24,2116.98,204.51
2025-11-02,South,Search,500,29,2235.24,379.8
2025-11-02,South,Social,557,21,1839.58,305.36
2025-11-02,South,Email,289,22,2041.28,105.68
2025-11-02,South,Affiliate,377,28,2211.57,192.38
2025-11-02,North,Search,508,41,3646.9,390.69
2025-11-02,North,Social,524,19,1637.43,335.43
2025-11-02,North,Email,272,28,2614.16,104.19
2025-11-02,North,Affiliate,326,22,2002.37,197.12
2025-11-02,West,Search,422,23,2185.2,366.62
2025-11-02,West,Social,464,16,1358.11,328.63
2025-11-02,West,Email,256,33,3226.65,95.4
2025-11-02,West,Affiliate,316,17,1428.93,192.12
2025-11-03,East,Search,554,32,3205.5,362.44
2025-11-03,East,Social,651,29,2747.63,302.41
2025-11-03,East,Email,319,22,2012.7,104.22
2025-11-03,East,Affiliate,374,33,3122.25,199.15
2025-11-03,South,Search,500,32,3202.84,349.07
2025-11-03,South,Social,536,18,1647.59,330.27
2025-11-03,South,Email,291,31,2340.65,106.86
2025-11-03,South,Affiliate,370,13,1209.13,188.27
2025-11-03,North,Search,476,29,3077.14,373.64
2025-11-03,North,Social,577,24,1690.57,325.74
2025-11-03,North,Email,237,21,2291.46,96.46
2025-11-03,North,Affiliate,364,26,2551.15,201.73
2025-11-03,West,Search,406,27,2611.59,364.86
2025-11-03,West,Social,537,26,2192.7,329.63
2025-11-03,West,Email,235,25,2357.79,105.99
2025-11-03,West,Affiliate,302,24,1888.09,183.86
2025-11-04,East,Search,550,40,3860.61,366.86
2025-11-04,East,Social,645,25,2173.33,323.63
2025-11-04,East,Email,319,29,2727.23,100.13
2025-11-04,East,Affiliate,417,23,2007.58,183.99
2025-11-04,South,Search,529,27,1975.8,378.12
2025-11-04,South,Social,602,25,2017.57,313.87
2025-11-04,South,Email,289,21,2183.73,106.55
2025-11-04,South,Affiliate,356,27,2488.42,193.49
2025-11-04,North,Search,491,22,2485.03,362.46
2025-11-04,North,Social,528,23,2116.5,303.21
2025-11-04,North,Email,264,24,2365.9,104.86
2025-11-04,North,Affiliate,377,27,2589.07,197.23
2025-11-04,West,Search,446,16,1312.75,391.22
2025-11-04,West,Social,465,29,2584.08,327.64
2025-11-04,West,Email,224,21,1573.78,104.3
2025-11-04,West,Affiliate,266,17,1752.82,204.75
2025-11-05,East,Search,550,34,2828.41,360.22
2025-11-05,East,Social,611,20,1789.52,331.53
2025-11-05,East,Email,318,30,2748.85,103.15
2025-11-05,East,Affiliate,370,28,2500.6,202.86
2025-11-05,South,Search,521,35,2831.29,352.44
2025-11-05,South,Social,583,22,2022.3,307.29
2025-11-05,South,Email,291,21,2005.81,97.48
2025-11-05,South,Affiliate,331,23,2225.46,189.03
2025-11-05,North,Search,474,31,2504.65,359.22
2025-11-05,North,Social,499,28,2109.65,329.3
2025-11-05,North,Email,255,22,1966.26,102.56
2025-11-05,North,Affiliate,319,15,1277.69,191.86
2025-11-05,West,Search,420,29,2528.02,389.53
2025-11-05,West,Social,502,24,2280.97,327.74
2025-11-05,West,Email,235,20,1927.96,101.9
2025-11-05,West,Affiliate,321,19,1739.34,202.53
2025-11-06,East,Search,570,28,2663.27,380.3
2025-11-06,East,Social,661,26,2655.69,333.04
2025-11-06,East,Email,352,38,3529.87,101.43
2025-11-06,East,Affiliate,401,34,3134.51,196.88
2025-11-06,South,Search,477,26,2289.37,375.54
2025-11-06,South,Social,563,22,1891.53,318.2
2025-11-06,South,Email,274,23,2053.2,101.07
2025-11-06,South,Affiliate,366,28,2546.29,197.2
2025-11-06,North,Search,477,34,2454.19,382.21
2025-11-06,North,Social,512,14,1128.21,320.06
2025-11-06,North,Email,272,29,2397.11,106.36
2025-11-06,North,Affiliate,321,17,1441.42,194.73
2025-11-06,West,Search,487,26,2486.23,350.55
2025-11-06,West,Social,501,19,1740.01,334.04
2025-11-06,West,Email,258,23,2187.4,104.16
2025-11-06,West,Affiliate,294,15,1343.04,204.04
2025-11-07,East,Search,558,30,2851.93,378.37
2025-11-07,East,Social,596,26,2408.89,315.48
2025-11-07,East,Email,325,28,2500.2,102.14
2025-11-07,East,Affiliate,404,31,2461.46,197.25
2025-11-07,South,Search,529,26,2413.23,363.1
2025-11-07,South,Social,551,24,1914.25,323.18
2025-11-07,South,Email,250,26,2581.42,102.2
2025-11-07,South,Affiliate,335,21,1653.14,203.18
2025-11-07,North,Search,446,18,1687.71,393.48
2025-11-07,North,Social,542,30,2406.77,327.06
2025-11-07,North,Email,278,18,1584.7,105.42
2025-11-07,North,Affiliate,306,22,2034.72,202.95
2025-11-07,West,Search,438,27,2363.68,374.98
2025-11-07,West,Social,442,17,1352.79,323.11
2025-11-07,West,Email,257,26,2489.17,96.66
2025-11-07,West,Affiliate,301,22,2080.05,202.07
2025-11-08,East,Search,602,34,3361.55,355.9
2025-11-08,East,Social,613,25,2171.41,332.7
2025-11-08,East,Email,321,26,2107.7,100.71
2025-11-08,East,Affiliate,402,23,2313.18,194.87
2025-11-08,South,Search,517,24,2057.52,351.59
2025-11-08,South,Social,609,19,1958.42,316.79
2025-11-08,South,Email,292,21,1635.07,99.88
2025-11-08,South,Affiliate,369,28,2741.97,204.37
2025-11-08,North,Search,473,32,2775.27,361.2
2025-11-08,North,Social,547,25,2198.87,315.04
2025-11-08,North,Email,280,24,2090.43,98.69
2025-11-08,North,Affiliate,334,24,2076.44,186.72
2025-11-08,West,Search,431,36,3607.91,356.05
2025-11-08,West,Social,461,17,1688.0,318.53
2025-11-08,West,Email,262,25,2046.12,98.27
2025-11-08,West,Affiliate,304,23,1966.29,189.41
2025-11-09,East,Search,564,34,3531.43,396.16
2025-11-09,East,Social,639,32,2764.53,332.79
2025-11-09,East,Email,338,27,2510.13,103.35
2025-11-09,East,Affiliate,403,23,2038.9,185.95
2025-11-09,South,Search,482,25,2091.33,395.06
2025-11-09,South,Social,554,15,1440.79,315.38
2025-11-09,South,Email,278,20,1717.42,99.11
2025-11-09,South,Affiliate,326,27,2681.3,191.71
2025-11-09,North,Search,460,26,2351.5,377.87
2025-11-09,North,Social,527,26,2454.31,320.6
2025-11-09,North,Email,274,18,1706.74,101.31
2025-11-09,North,Affiliate,349,21,1515.38,195.59
2025-11-09,West,Search,432,30,2316.94,381.13
2025-11-09,West,Social,515,17,1465.48,311.19
2025-11-09,West,Email,243,20,1791.75,97.2
2025-11-09,West,Affiliate,308,17,1542.31,193.24
2025-11-10,East,Search,583,28,2534.91,377.44
2025-11-10,East,Social,611,25,2487.08,310.25
2025-11-10,East,Email,313,29,2679.97,97.03
2025-11-10,East,Affiliate,405,29,2763.2,193.08
2025-11-10,South,Search,534,32,3045.59,388.8
2025-11-10,South,Social,642,25,2244.56,337.62
2025-11-10,South,Email,275,18,1901.87,97.54
2025-11-10,South,Affiliate,359,23,2573.02,202.07
2025-11-10,North,Search,445,29,2725.49,393.24
2025-11-10,North,Social,506,27,2832.78,309.45
2025-11-10,North,Email,273,22,1979.36,102.36
2025-11-10,North,Affiliate,332,28,2731.8,207.72
2025-11-10,West,Search,451,21,2040.27,375.53
2025-11-10,West,Social,440,17,1402.96,325.33
2025-11-10,West,Email,241,16,1484.61,107.57
2025-11-10,West,Affiliate,302,26,2604.44,196.64
2025-11-11,East,Search,586,30,3243.15,359.81
2025-11-11,East,Social,699,24,2040.5,303.9
2025-11-11,East,Email,336,41,4209.51,107.07
2025-11-11,East,Affiliate,402,28,2300.41,189.51
2025-11-11,South,Search,484,25,2128.29,372.99
2025-11-11,South,Social,593,27,2225.51,339.58
2025-11-11,South,Email,289,38,3456.29,103.7
2025-11-11,South,Affiliate,346,24,2155.18,195.47
2025-11-11,North,Search,461,23,2042.27,373.38
2025-11-11,North,Social,529,20,1770.83,337.45
2025-11-11,North,Email,276,22,1825.24,107.77
2025-11-11,North,Affiliate,329,23,2480.88,206.99
2025-11-11,West,Search,373,20,2050.56,380.14
2025-11-11,West,Social,498,13,1188.38,323.11
2025-11-11,West,Email,233,17,1495.0,99.55
2025-11-11,West,Affiliate,308,19,1542.85,197.25
2025-11-12,East,Search,590,36,3223.67,370.81
2025-11-12,East,Social,628,27,2327.71,338.67
2025-11-12,East,Email,315,28,2517.98,99.92
2025-11-12,East,Affiliate,392,33,3044.79,192.49
2025-11-12,South,Search,487,30,2672.71,391.26
2025-11-12,South,Social,594,16,1490.4,336.41
2025-11-12,South,Email,259,28,2284.6,105.79
2025-11-12,South,Affiliate,352,20,1864.4,204.85
2025-11-12,North,Search,464,26,2391.94,357.32
2025-11-12,North,Social,531,20,1393.26,321.87
2025-11-12,North,Email,305,35,3415.63,108.74
2025-11-12,North,Affiliate,318,17,1482.11,191.73
2025-11-12,West,Search,437,20,1910.86,394.01
2025-11-12,West,Social,448,10,907.26,331.5
2025-11-12,West,Email,234,20,1702.55,99.28
2025-11-12,West,Affiliate,354,22,2095.26,191.59
2025-11-13,East,Search,607,35,3052.79,385.95
2025-11-13,East,Social,620,23,2183.35,341.64
2025-11-13,East,Email,342,26,2506.06,107.13
2025-11-13,East,Affiliate,424,24,2144.81,202.72
2025-11-13,South,Search,471,23,2188.37,365.64
2025-11-13,South,Social,584,16,1496.3,313.93
2025-11-13,South,Email,289,26,2473.21,103.95
2025-11-13,South,Affiliate,346,28,2746.0,189.59
2025-11-13,North,Search,500,31,3146.54,378.7
2025-11-13,North,Social,516,25,2100.35,342.07
2025-11-13,North,Email,270,37,3697.26,103.88
2025-11-13,North,Affiliate,333,29,2645.92,207.54
2025-11-13,West,Search,429,25,2239.77,356.54
2025-11-13,West,Social,509,32,3135.75,309.08
2025-11-13,West,Email,238,19,1680.78,106.19
2025-11-13,West,Affiliate,311,17,1624.85,200.28
2025-11-14,East,Search,595,44,4186.99,380.69
2025-11-14,East,Social,660,21,1985.75,315.45
2025-11-14,East,Email,299,22,1805.1,109.21
2025-11-14,East,Affiliate,385,26,2492.66,196.15
2025-11-14,South,Search,449,34,3234.4,364.82
2025-11-14,South,Social,617,27,2401.92,338.63
2025-11-14,South,Email,302,30,2691.03,103.83
2025-11-14,South,Affiliate,371,20,1580.77,200.26
2025-11-14,North,Search,505,29,2465.83,372.25
2025-11-14,North,Social,552,22,2282.43,315.04
2025-11-14,North,Email,246,17,1584.68,103.58
2025-11-14,North,Affiliate,340,19,1852.52,188.99
2025-11-14,West,Search,417,23,1951.4,382.23
2025-11-14,West,Social,510,20,1796.19,327.99
2025-11-14,West,Email,210,17,1529.55,107.73
2025-11-14,West,Affiliate,318,17,1775.31,191.71
2025-11-15,East,Search,667,40,3462.81,364.64
2025-11-15,East,Social,791,27,2504.58,318.15
2025-11-15,East,Email,367,37,3471.75,99.58
2025-11-15,East,Affiliate,491,23,2216.65,195.07
2025-11-15,South,Search,549,35,3508.98,377.77
2025-11-15,South,Social,735,28,2328.99,319.93
2025-11-15,South,Email,368,38,3331.32,108.21
2025-11-15,South,Affiliate,404,35,3169.5,209.13
2025-11-15,North,Search,587,29,2603.23,371.37
2025-11-15,North,Social,635,29,2771.81,342.0
2025-11-15,North,Email,316,27,2487.69,104.52
2025-11-15,North,Affiliate,402,28,2651.08,206.0
2025-11-15,West,Search,507,30,2133.54,359.41
2025-11-15,West,Social,626,20,1886.6,336.28
2025-11-15,West,Email,305,27,2514.51,99.53
2025-11-15,West,Affiliate,383,22,2082.44,199.8
2025-11-16,East,Search,557,30,2894.58,396.64
2025-11-16,East,Social,632,17,1547.32,305.68
2025-11-16,East,Email,333,23,2041.57,100.42
2025-11-16,East,Affiliate,431,31,2652.41,190.63
2025-11-16,South,Search,491,26,2168.61,375.98
2025-11-16,South,Social,581,21,1910.07,335.42
2025-11-16,South,Email,285,24,2021.35,101.93
2025-11-16,South,Affiliate,381,24,1971.94,199.06
2025-11-16,North,Search,504,27,2597.48,371.3
2025-11-16,North,Social,521,20,1774.56,326.33
2025-11-16,North,Email,237,21,1931.96,108.36
2025-11-16,North,Affiliate,322,23,2197.5,207.89
2025-11-16,West,Search,411,23,2091.31,396.11
2025-11-16,West,Social,489,17,1549.85,339.73
2025-11-16,West,Email,258,22,1815.37,99.78
2025-11-16,West,Affiliate,289,30,2309.34,190.73
2025-11-17,East,Search,584,42,3625.92,376.94
2025-11-17,East,Social,614,19,2006.33,342.95
2025-11-17,East,Email,319,28,2445.11,105.93
2025-11-17,East,Affiliate,423,32,2705.6,194.49
2025-11-17,South,Search,535,36,3642.58,396.47
2025-11-17,South,Social,565,19,1736.85,325.15
2025-11-17,South,Email,286,33,3095.43,103.27
2025-11-17,South,Affiliate,367,26,2035.01,200.88
2025-11-17,North,Search,480,34,2918.83,364.47
2025-11-17,North,Social,532,17,1706.74,328.1
2025-11-17,North,Email,244,25,1978.67,106.91
2025-11-17,North,Affiliate,358,31,2854.5,189.17
2025-11-17,West,Search,445,20,1630.92,371.44
2025-11-17,West,Social,497,25,2613.68,327.28
2025-11-17,West,Email,237,26,2049.18,103.25
2025-11-17,West,Affiliate,293,17,1468.88,203.98
2025-11-18,East,Search,573,40,3956.0,364.17
2025-11-18,East,Social,663,23,1896.79,341.37
2025-11-18,East,Email,348,24,2579.39,104.99
2025-11-18,East,Affiliate,364,32,3106.53,195.36
2025-11-18,South,Search,516,22,2189.65,387.22
2025-11-18,South,Social,561,20,1670.27,331.32
2025-11-18,South,Email,292,28,2195.13,106.77
2025-11-18,South,Affiliate,377,14,1296.63,192.49
2025-11-18,North,Search,504,25,2018.03,391.98
2025-11-18,North,Social,546,28,2638.37,339.45
2025-11-18,North,Email,273,28,2670.71,103.02
2025-11-18,North,Affiliate,330,21,1829.12,201.83
2025-11-18,West,Search,451,25,2519.44,370.9
2025-11-18,West,Social,476,12,1236.45,331.99
2025-11-18,West,Email,221,19,1629.81,101.46
2025-11-18,West,Affiliate,277,13,1097.89,192.17
2025-11-19,East,Search,600,34,3171.62,378.84
2025-11-19,East,Social,625,30,2991.07,311.71
2025-11-19,East,Email,324,22,2063.17,109.76
2025-11-19,East,Affiliate,372,23,1895.87,202.09
2025-11-19,South,Search,531,30,2726.85,400.13
2025-11-19,South,Social,569,27,2310.63,341.33
2025-11-19,South,Email,282,30,3027.51,109.38
2025-11-19,South,Affiliate,369,24,1994.04,200.35
2025-11-19,North,Search,487,16,1297.41,368.46
2025-11-19,North,Social,520,19,1785.95,332.75
2025-11-19,North,Email,258,15,1355.27,106.38
2025-11-19,North,Affiliate,340,36,3497.87,197.36
2025-11-19,West,Search,425,19,1458.76,383.45
2025-11-19,West,Social,482,24,2121.87,329.86
2025-11-19,West,Email,273,25,2153.03,108.1
2025-11-19,West,Affiliate,305,19,1776.28,210.13
2025-11-20,East,Search,581,35,3698.41,373.55
2025-11-20,East,Social,650,25,2438.6,338.93
2025-11-20,East,Email,313,25,2282.93,100.41
2025-11-20,East,Affiliate,394,22,2119.6,193.81
2025-11-20,South,Search,531,22,1870.98,394.0
2025-11-20,South,Social,574,20,1715.06,322.95
2025-11-20,South,Email,285,17,1587.76,105.27
2025-11-20,South,Affiliate,364,30,2645.81,209.85
2025-11-20,North,Search,453,29,2284.41,401.57
2025-11-20,North,Social,486,18,1521.56,334.69
2025-11-20,North,Email,266,25,2245.19,105.31
2025-11-20,North,Affiliate,354,27,2279.53,188.92
2025-11-20,West,Search,408,16,1434.66,391.76
2025-11-20,West,Social,503,28,2697.01,340.07
2025-11-20,West,Email,283,29,2759.38,110.16
2025-11-20,West,Affiliate,334,28,2510.66,200.82
2025-11-21,East,Search,560,26,2208.66,376.05
2025-11-21,East,Social,650,22,2093.82,324.01
2025-11-21,East,Email,327,22,2413.44,103.54
2025-11-21,East,Affiliate,440,33,2851.1,193.23
2025-11-21,South,Search,537,31,3157.94,376.17
2025-11-21,South,Social,551,21,2117.61,340.97
2025-11-21,South,Email,323,29,2219.49,101.92
2025-11-21,South,Affiliate,364,34,3356.6,202.1
2025-11-21,North,Search,494,28,2290.14,402.54
2025-11-21,North,Social,551,21,1760.04,327.52
2025-11-21,North,Email,255,26,1954.38,108.5
2025-11-21,North,Affiliate,343,26,2538.78,190.04
2025-11-21,West,Search,426,30,2420.56,375.81
2025-11-21,West,Social,513,25,2337.51,320.57
2025-11-21,West,Email,267,32,2418.09,107.2
2025-11-21,West,Affiliate,299,23,2359.07,199.88
2025-11-22,East,Search,586,33,3113.96,394.43
2025-11-22,East,Social,679,33,3365.72,344.98
2025-11-22,East,Email,353,29,2157.32,104.44
2025-11-22,East,Affiliate,437,28,2533.22,212.1
2025-11-22,South,Search,524,23,1935.74,398.13
2025-11-22,South,Social,595,28,2997.87,320.95
2025-11-22,South,Email,280,19,1807.73,100.44
2025-11-22,South,Affiliate,389,28,2391.55,192.98
2025-11-22,North,Search,455,19,1704.85,377.2
2025-11-22,North,Social,555,23,1632.69,345.57
2025-11-22,North,Email,282,24,2458.95,99.67
2025-11-22,North,Affiliate,335,24,2197.77,212.5
2025-11-22,West,Search,434,34,2844.79,397.38
2025-11-22,West,Social,485,29,2622.34,310.12
2025-11-22,West,Email,237,16,1505.86,99.29
2025-11-22,West,Affiliate,288,18,1474.15,205.85
2025-11-23,East,Search,578,27,2189.16,401.82
2025-11-23,East,Social,658,21,1912.32,347.46
2025-11-23,East,Email,345,30,2710.8,101.55
2025-11-23,East,Affiliate,422,20,1771.93,200.67
2025-11-23,South,Search,528,28,2564.36,374.11
2025-11-23,South,Social,635,27,2369.78,339.02
2025-11-23,South,Email,272,24,1956.39,106.76
2025-11-23,South,Affiliate,373,25,2477.12,204.05
2025-11-23,North,Search,457,17,1625.82,392.92
2025-11-23,North,Social,535,24,1968.33,311.48
2025-11-23,North,Email,243,27,2602.49,110.95
2025-11-23,North,Affiliate,339,21,1532.77,212.44
2025-11-23,West,Search,460,30,2797.85,388.2
2025-11-23,West,Social,483,17,1515.41,313.87
2025-11-23,West,Email,278,21,2013.1,100.35
2025-11-23,West,Affiliate,333,35,3060.03,205.64
2025-11-24,East,Search,609,37,3194.77,374.34
2025-11-24,East,Social,684,30,2707.18,348.25
2025-11-24,East,Email,337,37,3165.3,99.34
2025-11-24,East,Affiliate,421,25,2185.6,191.59
2025-11-24,South,Search,505,32,2651.87,403.6
2025-11-24,South,Social,586,29,2651.58,315.93
2025-11-24,South,Email,275,22,1576.29,108.65
2025-11-24,South,Affiliate,385,24,1928.46,198.67
2025-11-24,North,Search,439,27,2898.45,367.73
2025-11-24,North,Social,531,19,1450.49,311.54
2025-11-24,North,Email,257,21,1836.38,102.22
2025-11-24,North,Affiliate,367,25,2656.37,189.83
2025-11-24,West,Search,421,28,2424.65,406.0
2025-11-24,West,Social,515,31,2859.03,343.83
2025-11-24,West,Email,275,31,2578.39,101.79
2025-11-24,West,Affiliate,281,13,1329.14,209.62
2025-11-25,East,Search,563,36,3014.3,381.41
2025-11-25,East,Social,673,26,2281.0,347.44
2025-11-25,East,Email,303,24,2091.28,107.15
2025-11-25,East,Affiliate,436,37,3481.61,206.53
2025-11-25,South,Search,487,26,2045.07,370.88
2025-11-25,South,Social,616,20,1878.5,313.76
2025-11-25,South,Email,295,29,2703.16,109.1
2025-11-25,South,Affiliate,372,26,2251.83,212.54
2025-11-25,North,Search,469,25,2295.87,380.62
2025-11-25,North,Social,518,16,1625.81,339.78
2025-11-25,North,Email,296,26,2733.31,100.15
2025-11-25,North,Affiliate,308,23,2433.87,199.36
2025-11-25,West,Search,476,29,2514.09,377.97
2025-11-25,West,Social,528,18,1678.02,322.46
2025-11-25,West,Email,256,25,2488.65,110.13
2025-11-25,West,Affiliate,319,24,1684.96,207.0
2025-11-26,East,Search,557,35,3666.19,400.73
2025-11-26,East,Social,670,23,2426.21,316.94
2025-11-26,East,Email,326,25,2186.05,101.82
2025-11-26,East,Affiliate,421,30,2754.67,213.59
2025-11-26,South,Search,484,22,1922.71,394.7
2025-11-26,South,Social,572,24,2285.94,317.67
2025-11-26,South,Email,287,22,2356.96,107.22
2025-11-26,South,Affiliate,363,36,3139.47,211.76
2025-11-26,North,Search,455,29,2889.61,403.17
2025-11-26,North,Social,572,13,1206.09,312.88
2025-11-26,North,Email,279,33,3113.01,107.86
2025-11-26,North,Affiliate,372,20,1783.77,197.33
2025-11-26,West,Search,436,26,1969.13,402.18
2025-11-26,West,Social,505,15,1274.43,341.67
2025-11-26,West,Email,274,30,2805.96,106.3
2025-11-26,West,Affiliate,286,14,1115.09,208.48
2025-11-27,East,Search,625,44,3865.67,378.6
2025-11-27,East,Social,633,27,2256.97,335.83
2025-11-27,East,Email,347,31,2519.66,100.77
2025-11-27,East,Affiliate,438,29,2952.4,213.38
2025-11-27,South,Search,511,28,2658.34,401.01
2025-11-27,South,Social,605,34,3477.71,344.1
2025-11-27,South,Email,292,31,2727.93,105.17
2025-11-27,South,Affiliate,357,19,1646.83,195.67
2025-11-27,North,Search,522,29,2343.21,365.75
2025-11-27,North,Social,551,22,1881.82,323.02
2025-11-27,North,Email,294,31,3261.0,105.81
2025-11-27,North,Affiliate,357,23,2301.3,202.55
2025-11-27,West,Search,433,22,2174.26,376.06
2025-11-27,West,Social,501,17,1700.79,349.2
2025-11-27,West,Email,223,23,2181.88,105.76
2025-11-27,West,Affiliate,317,19,1773.25,198.54
2025-11-28,East,Search,642,48,4035.5,397.66
2025-11-28,East,Social,674,35,3687.24,318.5
2025-11-28,East,Email,321,26,2306.14,103.87
2025-11-28,East,Affiliate,424,37,3186.56,201.16
2025-11-28,South,Search,549,35,2887.13,386.32
2025-11-28,South,Social,592,22,2218.83,332.13
2025-11-28,South,Email,294,27,2292.42,105.28
2025-11-28,South,Affiliate,404,17,1920.18,191.25
2025-11-28,North,Search,434,32,2897.95,392.74
2025-11-28,North,Social,536,20,1859.08,326.37
2025-11-28,North,Email,279,30,2508.11,105.4
2025-11-28,North,Affiliate,361,28,2614.89,203.08
2025-11-28,West,Search,432,28,2972.24,411.6
2025-11-28,West,Social,499,18,1567.42,352.28
2025-11-28,West,Email,244,26,1945.1,101.32
2025-11-28,West,Affiliate,319,23,1779.08,207.84
2025-11-29,East,Search,551,28,2513.12,372.12
2025-11-29,East,Social,647,28,2522.75,314.71
2025-11-29,East,Email,338,30,3350.22,105.37
2025-11-29,East,Affiliate,405,25,2832.32,205.06
2025-11-29,South,Search,542,35,3073.94,369.11
2025-11-29,South,Social,618,32,3328.51,339.58
2025-11-29,South,Email,277,23,1750.38,104.21
2025-11-29,South,Affiliate,387,21,1693.4,192.42
2025-11-29,North,Search,495,32,2939.27,393.84
2025-11-29,North,Social,567,23,2191.4,336.5
2025-11-29,North,Email,281,27,2325.14,109.82
2025-11-29,North,Affiliate,310,17,1446.19,206.49
2025-11-29,West,Search,431,27,2286.54,371.85
2025-11-29,West,Social,499,15,1382.85,321.24
2025-11-29,West,Email,232,16,1344.99,106.17
2025-11-29,West,Affiliate,300,14,1214.07,194.23
2025-11-30,East,Search,571,35,2998.23,386.49
2025-11-30,East,Social,646,20,1729.27,326.97
2025-11-30,East,Email,338,27,2322.46,105.2
2025-11-30,East,Affiliate,389,27,2146.52,200.18
2025-11-30,South,Search,561,29,2898.5,368.18
2025-11-30,South,Social,607,20,1930.62,353.18
2025-11-30,South,Email,319,23,2315.94,107.03
2025-11-30,South,Affiliate,391,27,2259.97,198.07
2025-11-30,North,Search,471,26,2233.36,379.88
2025-11-30,North,Social,527,21,1798.94,317.64
2025-11-30,North,Email,301,34,3678.78,113.03
2025-11-30,North,Affiliate,344,15,1241.15,214.63
2025-11-30,West,Search,464,24,2329.87,379.3
2025-11-30,West,Social,491,17,1623.75,327.13
2025-11-30,West,Email,250,20,1803.38,106.0
2025-11-30,West,Affiliate,332,21,1933.02,204.71
2025-12-01,East,Search,691,38,3103.07,395.02
2025-12-01,East,Social,831,38,3720.15,334.22
2025-12-01,East,Email,407,34,3111.66,104.39
2025-12-01,East,Affiliate,516,47,3529.78,203.51
2025-12-01,South,Search,612,36,3113.6,379.11
2025-12-01,South,Social,766,22,2134.63,331.76
2025-12-01,South,Email,355,35,3341.13,111.13
2025-12-01,South,Affiliate,454,21,1896.75,206.56
2025-12-01,North,Search,592,38,3350.06,411.03
2025-12-01,North,Social,643,25,2176.1,326.19
2025-12-01,North,Email,317,27,2306.49,108.78
2025-12-01,North,Affiliate,445,29,2455.29,195.6
2025-12-01,West,Search,533,26,2052.73,409.96
2025-12-01,West,Social,617,28,2655.94,350.82
2025-12-01,West,Email,282,33,3140.19,111.07
2025-12-01,West,Affiliate,396,26,2527.37,213.44
2025-12-02,East,Search,601,35,3479.78,394.68
2025-12-02,East,Social,669,23,2179.75,338.64
2025-12-02,East,Email,314,29,2615.51,112.7
2025-12-02,East,Affiliate,400,33,2417.16,214.27
2025-12-02,South,Search,533,33,2494.44,384.69
2025-12-02,South,Social,611,23,2290.72,325.02
2025-12-02,South,Email,264,24,2445.7,104.72
2025-12-02,South,Affiliate,373,21,2067.24,197.28
2025-12-02,North,Search,500,33,2991.09,390.73
2025-12-02,North,Social,567,27,2532.79,353.39
2025-12-02,North,Email,261,22,2141.61,105.92
2025-12-02,North,Affiliate,340,31,3192.92,195.17
2025-12-02,West,Search,458,32,2681.01,413.16
2025-12-02,West,Social,513,11,1032.12,334.4
2025-12-02,West,Email,281,28,2354.86,102.33
2025-12-02,West,Affiliate,319,21,1848.07,195.33
2025-12-03,East,Search,587,33,3055.7,381.81
2025-12-03,East,Social,676,25,2240.02,333.89
2025-12-03,East,Email,355,29,2668.55,108.63
2025-12-03,East,Affiliate,420,24,2407.61,206.47
2025-12-03,South,Search,523,34,3649.84,385.16
2025-12-03,South,Social,593,23,2188.03,341.11
2025-12-03,South,Email,287,19,1568.12,113.7
2025-12-03,South,Affiliate,353,23,2066.55,205.94
2025-12-03,North,Search,458,21,2086.55,394.97
2025-12-03,North,Social,601,27,2427.69,344.94
2025-12-03,North,Email,269,23,2235.33,106.16
2025-12-03,North,Affiliate,331,25,2360.29,206.25
2025-12-03,West,Search,447,23,2308.03,371.5
2025-12-03,West,Social,546,33,2766.55,318.73
2025-12-03,West,Email,269,26,2000.45,109.71
2025-12-03,West,Affiliate,303,22,2055.47,214.27
2025-12-04,East,Search,574,41,3652.45,414.36
2025-12-04,East,Social,682,29,2769.68,318.89
2025-12-04,East,Email,337,38,4211.88,110.59
2025-12-04,East,Affiliate,437,26,2421.92,207.68
2025-12-04,South,Search,550,37,3115.25,393.84
2025-12-04,South,Social,633,26,1921.28,338.38
2025-12-04,South,Email,308,30,2868.35,105.58
2025-12-04,South,Affiliate,409,32,2670.88,194.36
2025-12-04,North,Search,463,26,2011.15,377.5
2025-12-04,North,Social,612,17,1591.32,349.37
2025-12-04,North,Email,262,29,2251.41,110.07
2025-12-04,North,Affiliate,310,17,1623.87,206.01
2025-12-04,West,Search,431,20,1669.66,377.04
2025-12-04,West,Social,533,20,1990.84,337.01
2025-12-04,West,Email,273,19,1619.5,113.86
2025-12-04,West,Affiliate,320,21,1942.07,203.03
2025-12-05,East,Search,627,37,3472.56,410.79
2025-12-05,East,Social,702,33,2828.49,333.3
2025-12-05,East,Email,359,36,3658.33,108.02
2025-12-05,East,Affiliate,365,18,1468.67,210.51
2025-12-05,South,Search,504,29,2729.7,397.63
2025-12-05,South,Social,576,35,3243.98,319.51
2025-12-05,South,Email,292,27,2530.46,104.95
2025-12-05,South,Affiliate,349,22,2325.82,218.33
2025-12-05,North,Search,471,34,3836.03,395.07
2025-12-05,North,Social,595,27,2754.1,353.56
2025-12-05,North,Email,271,26,2389.64,102.85
2025-12-05,North,Affiliate,318,22,1846.34,213.68
2025-12-05,West,Search,449,31,2622.26,372.9
2025-12-05,West,Social,482,26,2203.85,345.87
2025-12-05,West,Email,268,24,1961.1,113.84
2025-12-05,West,Affiliate,313,23,2311.01,199.02
2025-12-06,East,Search,600,27,2456.08,374.5
2025-12-06,East,Social,665,23,2191.55,333.49
2025-12-06,East,Email,345,39,2944.18,102.9
2025-12-06,East,Affiliate,452,29,2719.34,201.47
2025-12-06,South,Search,544,36,3027.19,390.19
2025-12-06,South,Social,618,16,1520.55,327.13
2025-12-06,South,Email,294,19,1425.54,113.49
2025-12-06,South,Affiliate,381,24,2076.79,213.29
2025-12-06,North,Search,496,38,3174.93,373.82
2025-12-06,North,Social,503,16,1261.04,345.86
2025-12-06,North,Email,273,34,3223.65,107.7
2025-12-06,North,Affiliate,366,22,1998.79,219.31
2025-12-06,West,Search,440,28,2866.36,372.51
2025-12-06,West,Social,537,26,2290.33,336.56
2025-12-06,West,Email,261,18,1346.91,105.05
2025-12-06,West,Affiliate,312,30,2742.43,210.73
2025-12-07,East,Search,576,37,3466.96,384.42
2025-12-07,East,Social,687,34,3617.51,351.01
2025-12-07,East,Email,353,30,2899.09,105.13
2025-12-07,East,Affiliate,427,29,2482.14,203.91
2025-12-07,South,Search,516,24,2040.34,394.08
2025-12-07,South,Social,622,23,1984.6,328.02
2025-12-07,South,Email,294,23,2190.83,102.95
2025-12-07,South,Affiliate,380,26,2709.37,215.85
2025-12-07,North,Search,515,32,2647.98,415.2
2025-12-07,North,Social,608,31,2534.09,340.77
2025-12-07,North,Email,298,26,2184.03,112.75
2025-12-07,North,Affiliate,350,17,1513.6,203.22
2025-12-07,West,Search,430,30,3190.91,413.88
2025-12-07,West,Social,517,18,1666.08,326.54
2025-12-07,West,Email,246,29,2725.54,107.0
2025-12-07,West,Affiliate,295,19,1721.06,203.21
2025-12-08,East,Search,594,33,3192.97,420.37
2025-12-08,East,Social,678,22,2048.93,359.89
2025-12-08,East,Email,347,19,1818.81,107.31
2025-12-08,East,Affiliate,409,27,2334.52,218.64
2025-12-08,South,Search,541,38,3558.62,389.46
2025-12-08,South,Social,666,20,1950.48,326.31
2025-12-08,South,Email,309,23,2130.62,112.08
2025-12-08,South,Affiliate,416,28,2373.39,217.54
2025-12-08,North,Search,497,16,1684.08,410.83
2025-12-08,North,Social,584,19,1926.74,339.08
2025-12-08,North,Email,298,32,2405.78,109.42
2025-12-08,North,Affiliate,336,19,1633.55,211.05
2025-12-08,West,Search,464,29,3124.7,403.59
2025-12-08,West,Social,513,21,2066.62,359.4
2025-12-08,West,Email,280,20,2005.12,102.62
2025-12-08,West,Affiliate,309,21,2109.97,217.99
2025-12-09,East,Search,578,29,2561.78,419.83
2025-12-09,East,Social,663,18,1523.16,335.02
2025-12-09,East,Email,352,40,3519.22,103.51
2025-12-09,East,Affiliate,454,35,3453.59,199.18
2025-12-09,South,Search,570,23,1896.33,415.18
2025-12-09,South,Social,634,14,1210.98,342.4
2025-12-09,South,Email,301,22,2046.88,104.5
2025-12-09,South,Affiliate,374,21,2055.58,215.83
2025-12-09,North,Search,526,37,3753.49,402.74
2025-12-09,North,Social,597,34,3508.99,339.53
2025-12-09,North,Email,284,29,2380.03,107.67
2025-12-09,North,Affiliate,339,27,2777.19,220.99
2025-12-09,West,Search,424,18,1653.96,408.98
2025-12-09,West,Social,527,14,1417.2,360.79
2025-12-09,West,Email,296,33,2857.09,105.9
2025-12-09,West,Affiliate,294,22,1825.19,197.22
2025-12-10,East,Search,630,36,3221.01,417.6
2025-12-10,East,Social,687,26,2232.02,348.5
2025-12-10,East,Email,358,25,2359.2,109.46
2025-12-10,East,Affiliate,430,18,1914.22,212.33
2025-12-10,South,Search,539,18,1717.45,382.95
2025-12-10,South,Social,610,23,2210.53,354.37
2025-12-10,South,Email,320,29,2393.16,104.85
2025-12-10,South,Affiliate,378,28,2531.04,197.59
2025-12-10,North,Search,476,35,3327.1,397.1
2025-12-10,North,Social,602,25,2225.32,358.27
2025-12-10,North,Email,297,31,2765.47,105.58
2025-12-10,North,Affiliate,360,23,1858.53,221.1
2025-12-10,West,Search,435,17,1428.55,404.87
2025-12-10,West,Social,537,22,2047.51,327.09
2025-12-10,West,Email,276,29,2874.16,108.93
2025-12-10,West,Affiliate,316,27,2615.31,213.69
2025-12-11,East,Search,606,38,3238.77,399.21
2025-12-11,East,Social,678,29,2654.93,342.4
2025-12-11,East,Email,331,28,2929.11,107.49
2025-12-11,East,Affiliate,449,26,2553.51,207.96
2025-12-11,South,Search,578,39,3635.54,398.95
2025-12-11,South,Social,610,20,1714.47,335.63
2025-12-11,South,Email,304,23,2179.24,109.36
2025-12-11,South,Affiliate,391,26,2586.33,212.38
2025-12-11,North,Search,574,27,2489.23,407.11
2025-12-11,North,Social,573,32,2899.27,354.62
2025-12-11,North,Email,275,20,1700.17,114.95
2025-12-11,North,Affiliate,339,25,2449.45,198.25
2025-12-11,West,Search,442,31,3048.61,404.18
2025-12-11,West,Social,532,22,1869.67,353.79
2025-12-11,West,Email,246,24,2341.21,107.28
2025-12-11,West,Affiliate,326,18,1511.18,203.35
2025-12-12,East,Search,597,44,4255.87,416.64
2025-12-12,East,Social,699,19,1763.18,324.56
2025-12-12,East,Email,366,32,2675.84,110.85
2025-12-12,East,Affiliate,416,33,3685.85,204.83
2025-12-12,South,Search,564,31,2795.04,394.6
2025-12-12,South,Social,615,20,1838.84,343.43
2025-12-12,South,Email,305,24,2342.55,108.59
2025-12-12,South,Affiliate,393,28,2227.94,206.73
2025-12-12,North,Search,474,30,2547.13,387.49
2025-12-12,North,Social,546,25,2471.67,343.98
2025-12-12,North,Email,280,35,3014.32,115.22
2025-12-12,North,Affiliate,353,27,2318.84,199.79
2025-12-12,West,Search,433,18,1785.16,401.62
2025-12-12,West,Social,550,24,1840.92,333.04
2025-12-12,West,Email,273,22,2282.55,113.04
2025-12-12,West,Affiliate,329,26,2350.16,212.53
2025-12-13,East,Search,623,32,2406.74,389.93
2025-12-13,East,Social,706,28,2210.38,350.08
2025-12-13,East,Email,369,35,3090.32,112.39
2025-12-13,East,Affiliate,419,27,2013.42,209.22
2025-12-13,South,Search,529,26,2418.45,385.6
2025-12-13,South,Social,622,23,2299.45,343.51
2025-12-13,South,Email,329,29,2503.96,111.68
2025-12-13,South,Affiliate,386,34,3270.37,198.99
2025-12-13,North,Search,505,29,2518.28,401.82
2025-12-13,North,Social,580,23,2060.57,325.97
2025-12-13,North,Email,311,23,1779.91,112.36
2025-12-13,North,Affiliate,372,19,1798.85,219.02
2025-12-13,West,Search,444,24,2166.27,417.52
2025-12-13,West,Social,502,21,2080.82,327.69
2025-12-13,West,Email,247,25,2199.3,112.19
2025-12-13,West,Affiliate,337,18,1682.02,207.38
2025-12-14,East,Search,618,35,3342.11,425.31
2025-12-14,East,Social,687,28,2746.71,362.66
2025-12-14,East,Email,388,51,3956.17,104.91
2025-12-14,East,Affiliate,457,24,2248.91,221.65
2025-12-14,South,Search,502,21,1909.53,425.91
2025-12-14,South,Social,637,27,2647.81,325.29
2025-12-14,South,Email,287,25,2298.27,110.32
2025-12-14,South,Affiliate,408,31,2852.73,216.02
2025-12-14,North,Search,494,24,1996.3,391.59
2025-12-14,North,Social,526,22,1859.13,337.3
2025-12-14,North,Email,299,21,2046.07,110.05
2025-12-14,North,Affiliate,369,17,1585.88,204.32
2025-12-14,West,Search,490,23,1767.17,420.8
2025-12-14,West,Social,518,20,1696.7,335.5
2025-12-14,West,Email,272,27,2122.45,114.79
2025-12-14,West,Affiliate,346,22,2108.89,203.29
2025-12-15,East,Search,707,39,3429.4,402.75
2025-12-15,East,Social,810,26,1998.26,357.21
2025-12-15,East,Email,398,37,3013.77,115.65
2025-12-15,East,Affiliate,488,29,2601.06,214.01
2025-12-15,South,Search,651,37,3135.45,426.58
2025-12-15,South,Social,741,27,2241.26,328.03
2025-12-15,South,Email,334,35,3221.02,112.24
2025-12-15,South,Affiliate,456,31,2680.74,206.51
2025-12-15,North,Search,611,30,2797.46,381.3
2025-12-15,North,Social,675,31,2599.52,361.07
2025-12-15,North,Email,321,32,3227.59,112.13
2025-12-15,North,Affiliate,424,26,1923.18,207.43
2025-12-15,West,Search,548,35,3423.34,428.09
2025-12-15,West,Social,631,22,2101.32,336.5
2025-12-15,West,Email,292,23,2070.65,105.4
2025-12-15,West,Affiliate,420,31,2544.66,206.6
2025-12-16,East,Search,623,45,4289.61,421.68
2025-12-16,East,Social,723,31,2506.35,336.61
2025-12-16,East,Email,342,34,2804.77,111.35
2025-12-16,East,Affiliate,421,27,2461.47,207.15
2025-12-16,South,Search,578,32,2620.15,427.18
2025-12-16,South,Social,618,32,2676.24,354.89
2025-12-16,South,Email,317,32,3026.08,105.96
2025-12-16,South,Affiliate,397,22,2271.13,203.52
2025-12-16,North,Search,504,32,2972.75,399.88
2025-12-16,North,Social,528,17,1171.18,352.14
2025-12-16,North,Email,277,22,1821.02,106.89
2025-12-16,North,Affiliate,364,23,2056.63,201.07
2025-12-16,West,Search,434,25,2241.22,408.14
2025-12-16,West,Social,510,12,1101.96,353.8
2025-12-16,West,Email,251,24,1932.74,111.24
2025-12-16,West,Affiliate,349,19,2013.97,203.13
2025-12-17,East,Search,601,26,2559.9,387.27
2025-12-17,East,Social,657,32,2901.36,358.81
2025-12-17,East,Email,343,31,2710.11,117.03
2025-12-17,East,Affiliate,425,26,2594.79,225.26
2025-12-17,South,Search,515,24,2074.54,414.46
2025-12-17,South,Social,593,22,1843.4,328.29
2025-12-17,South,Email,303,33,2872.9,115.42
2025-12-17,South,Affiliate,376,26,2347.15,221.44
2025-12-17,North,Search,524,30,2900.55,405.92
2025-12-17,North,Social,625,34,3053.91,328.91
2025-12-17,North,Email,293,26,2428.62,107.67
2025-12-17,North,Affiliate,350,26,2720.37,201.19
2025-12-17,West,Search,470,18,1600.09,422.33
2025-12-17,West,Social,503,25,2402.61,355.12
2025-12-17,West,Email,268,25,2285.47,110.27
2025-12-17,West,Affiliate,287,23,2379.77,206.16
2025-12-18,East,Search,618,25,2389.1,410.57
2025-12-18,East,Social,710,24,2139.97,337.06
2025-12-18,East,Email,353,31,2705.59,113.67
2025-12-18,East,Affiliate,428,26,2275.13,225.19
2025-12-18,South,Search,546,36,2962.09,412.3
2025-12-18,South,Social,641,21,1714.32,365.92
2025-12-18,South,Email,315,24,2285.06,112.8
2025-12-18,South,Affiliate,391,20,1854.46,225.83
2025-12-18,North,Search,517,31,2988.23,430.06
2025-12-18,North,Social,565,20,1424.44,364.92
2025-12-18,North,Email,304,27,2444.91,112.67
2025-12-18,North,Affiliate,360,22,1963.47,217.41
2025-12-18,West,Search,474,27,2264.37,395.12
2025-12-18,West,Social,462,24,2363.96,359.26
2025-12-18,West,Email,276,26,2293.82,106.6
2025-12-18,West,Affiliate,331,20,1685.49,214.2
2025-12-19,East,Search,670,36,3237.84,422.77
2025-12-19,East,Social,716,30,2580.69,358.69
2025-12-19,East,Email,325,42,3934.48,112.25
2025-12-19,East,Affiliate,417,34,3034.82,210.16
2025-12-19,South,Search,566,37,3665.06,397.76
2025-12-19,South,Social,640,32,2500.28,355.01
2025-12-19,South,Email,302,19,1453.13,113.44
2025-12-19,South,Affiliate,404,36,3326.49,223.82
2025-12-19,North,Search,513,29,2821.85,386.47
2025-12-19,North,Social,564,27,2588.88,335.99
2025-12-19,North,Email,294,28,2569.44,115.64
2025-12-19,North,Affiliate,348,23,2073.7,216.61
2025-12-19,West,Search,477,24,1994.64,389.63
2025-12-19,West,Social,575,24,2313.72,347.41
2025-12-19,West,Email,216,25,2366.95,111.04
2025-12-19,West,Affiliate,314,19,1570.04,201.29
2025-12-20,East,Search,612,19,1970.43,397.75
2025-12-20,East,Social,706,27,2346.41,334.5
2025-12-20,East,Email,350,36,2774.63,114.74
2025-12-20,East,Affiliate,444,16,1576.18,207.82
2025-12-20,South,Search,563,38,2745.12,392.09
2025-12-20,South,Social,641,19,1876.51,334.18
2025-12-20,South,Email,306,26,2184.13,108.96
2025-12-20,South,Affiliate,405,29,2773.68,226.83
2025-12-20,North,Search,498,35,2877.34,418.36
2025-12-20,North,Social,552,26,2420.58,360.64
2025-12-20,North,Email,285,26,2596.61,118.46
2025-12-20,North,Affiliate,373,27,2274.5,223.74
2025-12-20,West,Search,467,29,2703.55,394.35
2025-12-20,West,Social,545,20,1999.04,362.04
2025-12-20,West,Email,264,28,2610.61,108.45
2025-12-20,West,Affiliate,323,15,1391.59,215.21
2025-12-21,East,Search,633,34,3005.21,403.87
2025-12-21,East,Social,719,25,2199.89,348.3
2025-12-21,East,Email,358,27,2819.56,108.56
2025-12-21,East,Affiliate,436,34,3195.25,203.33
2025-12-21,South,Search,567,28,2386.36,386.09
2025-12-21,South,Social,635,27,2357.75,369.75
2025-12-21,South,Email,311,29,2725.07,109.87
2025-12-21,South,Affiliate,410,37,3330.25,220.03
2025-12-21,North,Search,504,31,3202.04,407.05
2025-12-21,North,Social,583,27,2455.45,368.0
2025-12-21,North,Email,290,29,2895.77,110.37
2025-12-21,North,Affiliate,344,29,2284.66,205.97
2025-12-21,West,Search,456,33,2874.13,387.45
2025-12-21,West,Social,554,19,1479.18,350.2
2025-12-21,West,Email,248,33,3143.29,111.66
2025-12-21,West,Affiliate,310,28,2659.21,226.63
2025-12-22,East,Search,587,34,3423.49,396.58
2025-12-22,East,Social,734,28,2408.43,359.44
2025-12-22,East,Email,346,27,2591.64,116.89
2025-12-22,East,Affiliate,476,43,4483.29,205.55
2025-12-22,South,Search,540,25,2225.36,402.47
2025-12-22,South,Social,617,27,2262.41,350.68
2025-12-22,South,Email,306,27,2903.86,106.04
2025-12-22,South,Affiliate,411,24,2265.05,219.86
2025-12-22,North,Search,497,29,2507.21,413.97
2025-12-22,North,Social,560,34,3404.31,340.63
2025-12-22,North,Email,291,31,2874.04,107.39
2025-12-22,North,Affiliate,376,24,2341.47,204.79
2025-12-22,West,Search,465,24,1962.56,402.78
2025-12-22,West,Social,530,19,1609.53,359.21
2025-12-22,West,Email,262,28,2558.32,112.77
2025-12-22,West,Affiliate,325,16,1651.81,203.94
2025-12-23,East,Search,624,27,2153.63,431.44
2025-12-23,East,Social,715,26,2831.41,371.3
2025-12-23,East,Email,362,39,3212.46,116.75
2025-12-23,East,Affiliate,428,30,2661.67,212.22
2025-12-23,South,Search,574,36,3293.28,424.44
2025-12-23,South,Social,647,27,1586.6,350.3
2025-12-23,South,Email,316,22,1904.66,118.58
2025-12-23,South,Affiliate,400,32,2831.14,211.81
2025-12-23,North,Search,519,30,2884.5,390.01
2025-12-23,North,Social,573,17,1700.4,368.57
2025-12-23,North,Email,296,18,1753.43,115.2
2025-12-23,North,Affiliate,368,21,1768.2,225.89
2025-12-23,West,Search,471,30,3047.75,417.93
2025-12-23,West,Social,506,20,1627.95,345.01
2025-12-23,West,Email,268,34,2591.8,115.38
2025-12-23,West,Affiliate,346,25,2318.98,212.54
2025-12-24,East,Search,598,36,3126.85,420.27
2025-12-24,East,Social,729,29,2632.35,370.29
2025-12-24,East,Email,340,44,4133.1,107.61
2025-12-24,East,Affiliate,426,40,3531.73,224.73
2025-12-24,South,Search,570,30,3341.88,437.36
2025-12-24,South,Social,647,26,2268.3,370.8
2025-12-24,South,Email,299,25,2407.05,111.22
2025-12-24,South,Affiliate,410,25,1900.73,213.99
2025-12-24,North,Search,528,34,2930.21,393.73
2025-12-24,North,Social,599,21,2014.87,360.9
2025-12-24,North,Email,308,32,2806.9,109.48
2025-12-24,North,Affiliate,405,25,2249.63,213.45
2025-12-24,West,Search,492,32,2943.91,393.48
2025-12-24,West,Social,528,20,1776.57,354.27
2025-12-24,West,Email,287,20,1800.85,115.52
2025-12-24,West,Affiliate,351,29,2388.17,227.23
2025-12-25,East,Search,606,36,3117.62,405.69
2025-12-25,East,Social,713,20,2056.24,365.37
2025-12-25,East,Email,354,46,3689.02,115.76
2025-12-25,East,Affiliate,439,36,3387.43,226.69
2025-12-25,South,Search,554,27,2555.23,428.62
2025-12-25,South,Social,666,33,3374.93,365.35
2025-12-25,South,Email,307,30,2894.3,106.99
2025-12-25,South,Affiliate,410,19,1690.7,220.6
2025-12-25,North,Search,541,26,2435.38,399.11
2025-12-25,North,Social,588,26,2627.28,356.0
2025-12-25,North,Email,292,20,1967.39,116.55
2025-12-25,North,Affiliate,361,27,2369.12,207.47
2025-12-25,West,Search,512,37,3727.26,423.77
2025-12-25,West,Social,520,17,1309.18,369.61
2025-12-25,West,Email,268,22,1642.86,115.59
2025-12-25,West,Affiliate,333,29,2487.71,206.35
2025-12-26,East,Search,631,34,3319.08,400.01
2025-12-26,East,Social,671,23,2095.92,351.53
2025-12-26,East,Email,331,31,2986.28,115.2
2025-12-26,East,Affiliate,469,27,2574.1,216.7
2025-12-26,South,Search,548,24,1979.79,398.54
2025-12-26,South,Social,612,21,1702.43,338.78
2025-12-26,South,Email,324,27,2780.73,117.4
2025-12-26,South,Affiliate,375,32,3397.49,224.69
2025-12-26,North,Search,538,32,2805.73,415.47
2025-12-26,North,Social,627,33,2695.45,354.46
2025-12-26,North,Email,316,25,2132.2,110.23
2025-12-26,North,Affiliate,363,16,1430.41,222.14
2025-12-26,West,Search,440,30,2667.67,396.57
2025-12-26,West,Social,523,19,1815.07,337.66
2025-12-26,West,Email,298,29,2591.81,108.49
2025-12-26,West,Affiliate,314,19,1810.86,205.15
2025-12-27,East,Search,598,32,2852.69,421.06
2025-12-27,East,Social,702,16,1756.23,356.83
2025-12-27,East,Email,346,34,2593.98,111.23
2025-12-27,East,Affiliate,426,26,2696.41,223.01
2025-12-27,South,Search,540,28,2166.4,402.34
2025-12-27,South,Social,632,30,2744.31,368.98
2025-12-27,South,Email,319,23,2036.68,115.39
2025-12-27,South,Affiliate,394,24,2313.01,226.03
2025-12-27,North,Search,532,30,2979.83,427.99
2025-12-27,North,Social,578,22,1869.44,345.47
2025-12-27,North,Email,293,29,2236.89,116.41
2025-12-27,North,Affiliate,339,22,1955.86,213.58
2025-12-27,West,Search,464,27,2473.77,394.22
2025-12-27,West,Social,580,16,1601.86,363.92
2025-12-27,West,Email,290,18,1564.7,113.68
2025-12-27,West,Affiliate,346,22,2072.88,224.03
2025-12-28,East,Search,610,39,3546.63,432.86
2025-12-28,East,Social,778,31,2824.75,366.86
2025-12-28,East,Email,400,32,3138.84,112.16
2025-12-28,East,Affiliate,458,24,2340.96,229.96
2025-12-28,South,Search,598,35,2809.86,394.1
2025-12-28,South,Social,653,26,2458.26,346.25
2025-12-28,South,Email,302,28,3108.46,114.82
2025-12-28,South,Affiliate,440,32,3337.78,214.26
2025-12-28,North,Search,565,37,3292.6,421.32
2025-12-28,North,Social,569,25,2392.87,360.45
2025-12-28,North,Email,327,24,2068.75,116.86
2025-12-28,North,Affiliate,371,29,2160.74,223.2
2025-12-28,West,Search,484,36,3277.79,440.87
2025-12-28,West,Social,564,28,2667.91,347.48
2025-12-28,West,Email,277,28,2423.16,114.84
2025-12-28,West,Affiliate,361,28,2566.84,211.76
2025-12-29,East,Search,608,29,2220.29,439.44
2025-12-29,East,Social,707,22,2157.56,371.48
2025-12-29,East,Email,347,30,2512.74,120.52
2025-12-29,East,Affiliate,469,38,3083.55,208.49
2025-12-29,South,Search,563,33,3170.51,401.18
2025-12-29,South,Social,628,22,1998.05,378.51
2025-12-29,South,Email,316,31,2665.71,117.44
2025-12-29,South,Affiliate,367,24,2120.07,223.97
2025-12-29,North,Search,571,32,2924.63,409.14
2025-12-29,North,Social,570,20,1987.66,363.5
2025-12-29,North,Email,309,25,2747.01,115.07
2025-12-29,North,Affiliate,386,25,2516.39,216.11
2025-12-29,West,Search,456,32,2805.64,393.95
2025-12-29,West,Social,558,23,1897.18,343.16
2025-12-29,West,Email,258,27,2632.74,119.18
2025-12-29,West,Affiliate,321,15,1627.41,206.75
2025-12-30,East,Search,617,39,3451.2,404.91
2025-12-30,East,Social,694,30,2651.88,344.85
2025-12-30,East,Email,377,32,3418.92,120.6
2025-12-30,East,Affiliate,437,14,1302.66,226.85
2025-12-30,South,Search,596,34,3528.31,402.55
2025-12-30,South,Social,645,27,2660.33,380.1
2025-12-30,South,Email,334,24,2363.56,108.61
2025-12-30,South,Affiliate,390,30,2805.03,216.44
2025-12-30,North,Search,545,37,3275.58,436.25
2025-12-30,North,Social,586,16,1682.09,351.91
2025-12-30,North,Email,328,38,3369.82,120.21
2025-12-30,North,Affiliate,344,27,2146.1,231.14
2025-12-30,West,Search,530,41,3112.6,443.04
2025-12-30,West,Social,546,24,2204.2,353.11
2025-12-30,West,Email,296,27,2536.72,114.42
2025-12-30,West,Affiliate,339,27,2294.45,217.18
2025-12-31,East,Search,656,38,3221.68,414.02
2025-12-31,East,Social,720,21,1997.16,341.57
2025-12-31,East,Email,356,32,2785.61,110.22
2025-12-31,East,Affiliate,460,27,2757.98,220.58
2025-12-31,South,Search,570,33,2933.21,440.16
2025-12-31,South,Social,687,31,2669.28,344.6
2025-12-31,South,Email,308,37,3537.78,114.24
2025-12-31,South,Affiliate,419,31,3058.52,211.93
2025-12-31,North,Search,501,24,2200.96,412.61
2025-12-31,North,Social,577,19,1654.33,373.04
2025-12-31,North,Email,295,31,3048.9,120.48
2025-12-31,North,Affiliate,384,40,3980.13,221.47
2025-12-31,West,Search,462,24,2225.58,396.76
2025-12-31,West,Social,538,26,2018.46,378.06
2025-12-31,West,Email,279,27,2342.55,120.57
2025-12-31,West,Affiliate,354,25,2435.84,208.01
2026-01-01,East,Search,757,46,4453.11,402.9
2026-01-01,East,Social,811,18,1756.9,354.13
2026-01-01,East,Email,426,48,4377.63,108.84
2026-01-01,East,Affiliate,504,34,2672.86,208.66
2026-01-01,South,Search,700,43,3978.5,425.73
2026-01-01,South,Social,809,26,2349.4,360.49
2026-01-01,South,Email,369,32,2445.13,120.72
2026-01-01,South,Affiliate,468,34,3041.37,211.9
2026-01-01,North,Search,599,36,3195.19,417.83
2026-01-01,North,Social,708,29,2645.04,374.05
2026-01-01,North,Email,344,39,3301.1,109.06
2026-01-01,North,Affiliate,425,38,3831.34,212.56
2026-01-01,West,Search,565,26,1898.22,426.0
2026-01-01,West,Social,643,23,2022.25,372.78
2026-01-01,West,Email,330,23,2038.31,114.56
2026-01-01,West,Affiliate,442,29,2576.61,222.3
2026-01-02,East,Search,657,38,2937.78,439.03
2026-01-02,East,Social,759,32,2759.76,372.99
2026-01-02,East,Email,326,35,3074.42,111.48
2026-01-02,East,Affiliate,439,39,3462.97,218.15
2026-01-02,South,Search,550,28,2775.04,414.28
2026-01-02,South,Social,680,24,2247.84,362.62
2026-01-02,South,Email,310,22,1862.44,114.26
2026-01-02,South,Affiliate,459,24,2186.5,218.4
2026-01-02,North,Search,533,30,2581.67,429.96
2026-01-02,North,Social,618,17,1421.95,380.15
2026-01-02,North,Email,302,23,1793.89,110.69
2026-01-02,North,Affiliate,381,35,3181.98,228.6
2026-01-02,West,Search,504,28,2628.89,427.11
2026-01-02,West,Social,536,23,2073.85,371.36
2026-01-02,West,Email,295,17,1654.56,119.32
2026-01-02,West,Affiliate,309,25,2245.93,214.83
2026-01-03,East,Search,647,36,3710.19,415.53
2026-01-03,East,Social,782,21,1715.82,376.51
2026-01-03,East,Email,335,36,3428.17,115.74
2026-01-03,East,Affiliate,453,39,3413.11,224.25
2026-01-03,South,Search,549,45,3716.84,426.21
2026-01-03,South,Social,652,23,2408.65,361.87
2026-01-03,South,Email,288,20,1772.26,113.68
2026-01-03,South,Affiliate,403,32,3183.64,219.97
2026-01-03,North,Search,531,31,2834.18,406.38
2026-01-03,North,Social,608,15,1525.79,363.16
2026-01-03,North,Email,281,30,2654.79,110.53
2026-01-03,North,Affiliate,377,20,1973.98,229.95
2026-01-03,West,Search,475,31,2680.97,405.86
2026-01-03,West,Social,571,24,2132.79,359.8
2026-01-03,West,Email,282,24,2392.57,117.81
2026-01-03,West,Affiliate,331,24,1904.79,226.2
2026-01-04,East,Search,624,35,3461.9,425.35
2026-01-04,East,Social,759,27,2263.49,346.07
2026-01-04,East,Email,393,33,3315.36,119.37
2026-01-04,East,Affiliate,459,27,2411.41,222.16
2026-01-04,South,Search,605,35,3174.26,419.57
2026-01-04,South,Social,607,18,1598.54,382.75
2026-01-04,South,Email,330,40,3044.92,117.09
2026-01-04,South,Affiliate,435,31,2984.53,212.79
2026-01-04,North,Search,494,27,2653.75,421.48
2026-01-04,North,Social,594,23,2077.45,346.86
2026-01-04,North,Email,307,24,2113.86,110.67
2026-01-04,North,Affiliate,353,28,2831.42,224.06
2026-01-04,West,Search,482,25,2224.4,402.7
2026-01-04,West,Social,564,25,2178.49,348.76
2026-01-04,West,Email,281,23,2109.67,120.97
2026-01-04,West,Affiliate,331,20,1959.7,217.91
2026-01-05,East,Search,650,44,4478.39,448.39
2026-01-05,East,Social,736,30,2379.74,351.05
2026-01-05,East,Email,352,34,3489.29,122.71
2026-01-05,East,Affiliate,475,37,2933.53,224.58
2026-01-05,South,Search,598,39,3485.07,449.53
2026-01-05,South,Social,662,23,2271.77,349.99
2026-01-05,South,Email,318,31,2650.73,119.81
2026-01-05,South,Affiliate,395,32,2576.02,222.53
2026-01-05,North,Search,515,24,2335.03,443.42
2026-01-05,North,Social,602,25,2402.76,351.09
2026-01-05,North,Email,270,22,1776.76,110.88
2026-01-05,North,Affiliate,387,20,1757.38,212.27
2026-01-05,West,Search,519,32,2369.26,430.92
2026-01-05,West,Social,550,17,1380.1,372.01
2026-01-05,West,Email,291,33,2840.03,112.87
2026-01-05,West,Affiliate,350,19,1527.75,233.17
2026-01-06,East,Search,646,37,3804.25,437.31
2026-01-06,East,Social,705,23,2075.24,358.74
2026-01-06,East,Email,343,30,2438.17,110.89
2026-01-06,East,Affiliate,483,28,2758.95,213.75
2026-01-06,South,Search,547,45,4027.45,408.37
2026-01-06,South,Social,653,23,2508.92,384.51
2026-01-06,South,Email,319,29,2562.51,118.81
2026-01-06,South,Affiliate,398,18,1726.92,233.97
2026-01-06,North,Search,543,32,2971.76,423.43
2026-01-06,North,Social,605,22,2075.12,367.47
2026-01-06,North,Email,255,17,1410.17,116.96
2026-01-06,North,Affiliate,389,22,1945.94,225.76
2026-01-06,West,Search,456,34,2318.57,407.0
2026-01-06,West,Social,572,33,2804.27,381.87
2026-01-06,West,Email,278,22,2078.82,112.03
2026-01-06,West,Affiliate,355,30,3023.9,222.82
2026-01-07,East,Search,633,33,2818.66,425.19
2026-01-07,East,Social,743,23,2227.73,347.33
2026-01-07,East,Email,400,27,2707.49,118.92
2026-01-07,East,Affiliate,481,29,2502.44,210.38
2026-01-07,South,Search,596,28,2454.05,410.09
2026-01-07,South,Social,635,16,1530.84,370.06
2026-01-07,South,Email,299,34,2808.97,110.3
2026-01-07,South,Affiliate,409,26,2273.65,223.85
2026-01-07,North,Search,542,35,2877.41,404.58
2026-01-07,North,Social,618,33,3137.92,386.75
2026-01-07,North,Email,284,24,2155.64,110.47
2026-01-07,North,Affiliate,384,18,1792.7,221.56
2026-01-07,West,Search,518,22,2142.86,425.49
2026-01-07,West,Social,557,19,1591.67,381.41
2026-01-07,West,Email,278,25,1885.36,116.36
2026-01-07,West,Affiliate,336,17,1486.03,225.8
2026-01-08,East,Search,629,34,2836.07,423.49
2026-01-08,East,Social,759,31,2589.69,357.16
2026-01-08,East,Email,374,35,3205.9,113.4
2026-01-08,East,Affiliate,479,39,3744.12,227.0
2026-01-08,South,Search,591,27,2642.1,446.97
2026-01-08,South,Social,667,22,1953.01,379.81
2026-01-08,South,Email,348,35,3135.99,118.98
2026-01-08,South,Affiliate,375,25,2297.53,224.22
2026-01-08,North,Search,525,18,1445.36,423.97
2026-01-08,North,Social,615,29,2024.98,345.89
2026-01-08,North,Email,312,21,1830.78,122.27
2026-01-08,North,Affiliate,379,28,2551.96,230.81
2026-01-08,West,Search,494,20,2066.08,406.69
2026-01-08,West,Social,575,23,2051.83,366.49
2026-01-08,West,Email,299,25,2267.43,113.57
2026-01-08,West,Affiliate,323,17,1733.85,236.54
2026-01-09,East,Search,695,31,2957.49,411.02
2026-01-09,East,Social,725,32,2702.67,362.09
2026-01-09,East,Email,398,42,3981.32,119.83
2026-01-09,East,Affiliate,466,42,4335.28,230.8
2026-01-09,South,Search,582,35,3257.32,404.6
2026-01-09,South,Social,698,25,2138.83,352.98
2026-01-09,South,Email,357,35,2584.54,112.27
2026-01-09,South,Affiliate,401,24,1900.74,217.54
2026-01-09,North,Search,530,26,2665.62,446.41
2026-01-09,North,Social,635,20,1695.02,363.53
2026-01-09,North,Email,292,35,3514.81,116.54
2026-01-09,North,Affiliate,414,27,2153.86,212.41
2026-01-09,West,Search,507,21,1778.43,438.95
2026-01-09,West,Social,547,19,1633.23,368.77
2026-01-09,West,Email,266,27,2952.29,122.5
2026-01-09,West,Affiliate,352,29,2730.11,220.18
2026-01-10,East,Search,675,39,4119.09,450.36
2026-01-10,East,Social,778,22,2104.98,352.59
2026-01-10,East,Email,358,31,3056.83,120.83
2026-01-10,East,Affiliate,478,25,2518.63,238.59
2026-01-10,South,Search,580,32,2646.57,431.85
2026-01-10,South,Social,663,30,2665.59,377.11
2026-01-10,South,Email,366,34,2976.0,123.02
2026-01-10,South,Affiliate,442,25,2256.6,233.55
2026-01-10,North,Search,526,33,2326.74,430.97
2026-01-10,North,Social,565,25,2040.11,373.78
2026-01-10,North,Email,297,36,3071.58,115.94
2026-01-10,North,Affiliate,363,19,1662.92,238.24
2026-01-10,West,Search,496,28,2673.38,438.79
2026-01-10,West,Social,561,20,1678.72,366.63
2026-01-10,West,Email,283,30,2666.37,113.98
2026-01-10,West,Affiliate,325,16,1477.91,232.42
2026-01-11,East,Search,683,44,3189.64,454.76
2026-01-11,East,Social,749,31,2784.43,390.3
2026-01-11,East,Email,395,41,3564.46,119.82
2026-01-11,East,Affiliate,483,41,3319.89,218.74
2026-01-11,South,Search,571,26,2341.99,448.47
2026-01-11,South,Social,691,27,2785.53,358.58
2026-01-11,South,Email,353,29,2605.08,120.5
2026-01-11,South,Affiliate,430,27,2155.22,226.6
2026-01-11,North,Search,534,26,2523.11,448.58
2026-01-11,North,Social,574,26,2113.44,351.53
2026-01-11,North,Email,296,32,2842.32,112.19
2026-01-11,North,Affiliate,420,16,1548.62,220.6
2026-01-11,West,Search,500,27,2758.42,424.77
2026-01-11,West,Social,600,19,1756.06,363.69
2026-01-11,West,Email,274,22,1886.17,113.41
2026-01-11,West,Affiliate,334,25,2359.7,238.51
2026-01-12,East,Search,726,45,4080.59,424.95
2026-01-12,East,Social,744,22,2202.23,382.08
2026-01-12,East,Email,355,38,3500.79,117.39
2026-01-12,East,Affiliate,465,30,2760.63,219.67
2026-01-12,South,Search,583,38,3512.17,412.89
2026-01-12,South,Social,697,24,2558.39,359.36
2026-01-12,South,Email,312,33,3579.32,117.4
2026-01-12,South,Affiliate,428,29,2861.32,223.25
2026-01-12,North,Search,517,30,2747.2,415.69
2026-01-12,North,Social,590,21,2159.86,380.56
2026-01-12,North,Email,289,26,2221.73,113.48
2026-01-12,North,Affiliate,378,24,2034.3,221.52
2026-01-12,West,Search,519,28,2283.0,426.27
2026-01-12,West,Social,606,28,2707.91,360.82
2026-01-12,West,Email,264,26,2087.14,121.14
2026-01-12,West,Affiliate,368,23,2071.39,222.62
2026-01-13,East,Search,701,40,3581.19,450.95
2026-01-13,East,Social,733,25,2478.8,361.69
2026-01-13,East,Email,369,32,3170.04,112.15
2026-01-13,East,Affiliate,443,26,2354.09,225.14
2026-01-13,South,Search,598,32,2960.09,409.46
2026-01-13,South,Social,669,29,2608.29,350.49
2026-01-13,South,Email,340,27,2603.43,113.11
2026-01-13,South,Affiliate,413,30,2697.57,227.13
2026-01-13,North,Search,556,28,2734.21,410.45
2026-01-13,North,Social,637,21,1809.11,372.34
2026-01-13,North,Email,361,40,3894.53,122.93
2026-01-13,North,Affiliate,402,33,2768.95,219.96
2026-01-13,West,Search,511,27,2302.42,444.86
2026-01-13,West,Social,570,16,1655.23,368.87
2026-01-13,West,Email,274,30,2915.4,114.51
2026-01-13,West,Affiliate,347,21,1826.46,236.91
2026-01-14,East,Search,687,49,4285.64,418.85
2026-01-14,East,Social,761,33,2629.34,359.32
2026-01-14,East,Email,389,42,4080.29,116.49
2026-01-14,East,Affiliate,488,42,3577.5,226.52
2026-01-14,South,Search,577,28,2365.3,457.77
2026-01-14,South,Social,706,23,1627.58,358.99
2026-01-14,South,Email,326,19,1702.01,114.17
2026-01-14,South,Affiliate,430,24,2168.07,234.06
2026-01-14,North,Search,541,32,2975.66,442.92
2026-01-14,North,Social,614,27,2163.87,358.01
2026-01-14,North,Email,319,36,3105.78,116.02
2026-01-14,North,Affiliate,371,24,1900.08,232.39
2026-01-14,West,Search,492,35,3522.03,426.72
2026-01-14,West,Social,568,16,1560.79,373.07
2026-01-14,West,Email,278,25,2282.53,123.36
2026-01-14,West,Affiliate,360,30,2596.3,223.35
2026-01-15,East,Search,748,55,4808.96,430.42
2026-01-15,East,Social,896,41,4089.75,355.51
2026-01-15,East,Email,451,40,2864.78,116.6
2026-01-15,East,Affiliate,557,31,2495.31,215.83
2026-01-15,South,Search,708,42,3429.52,453.99
2026-01-15,South,Social,774,29,2487.31,359.13
2026-01-15,South,Email,394,43,3396.86,126.02
2026-01-15,South,Affiliate,484,29,2521.79,234.86
2026-01-15,North,Search,649,36,3354.33,428.48
2026-01-15,North,Social,804,34,3442.53,366.31
2026-01-15,North,Email,320,24,1997.55,121.17
2026-01-15,North,Affiliate,446,31,2659.29,239.82
2026-01-15,West,Search,606,28,2713.89,446.11
2026-01-15,West,Social,661,37,3846.89,381.17
2026-01-15,West,Email,285,34,2342.05,116.45
2026-01-15,West,Affiliate,434,27,2456.48,238.58
2026-01-16,East,Search,693,41,3900.9,440.97
2026-01-16,East,Social,811,21,1940.11,391.98
2026-01-16,East,Email,363,27,2338.03,116.39
2026-01-16,East,Affiliate,498,47,4670.56,230.48
2026-01-16,South,Search,587,30,2294.86,427.93
2026-01-16,South,Social,721,35,3192.76,393.39
2026-01-16,South,Email,318,28,2255.45,114.64
2026-01-16,South,Affiliate,399,29,2888.79,216.75
2026-01-16,North,Search,515,25,2296.5,433.1
2026-01-16,North,Social,628,16,1562.28,362.98
2026-01-16,North,Email,311,22,1934.93,114.44
2026-01-16,North,Affiliate,380,25,2422.82,217.78
2026-01-16,West,Search,490,26,2114.07,431.23
2026-01-16,West,Social,601,23,2367.74,365.56
2026-01-16,West,Email,281,23,2048.22,125.67
2026-01-16,West,Affiliate,338,19,1789.64,221.61
2026-01-17,East,Search,678,42,3189.12,446.92
2026-01-17,East,Social,749,29,2692.13,378.73
2026-01-17,East,Email,362,21,2083.57,114.19
2026-01-17,East,Affiliate,502,33,3042.51,230.08
2026-01-17,South,Search,632,31,3207.86,415.5
2026-01-17,South,Social,656,28,2506.95,371.11
2026-01-17,South,Email,337,29,2180.41,116.69
2026-01-17,South,Affiliate,427,27,2527.27,221.83
2026-01-17,North,Search,537,37,3580.42,424.86
2026-01-17,North,Social,584,21,2085.65,392.93
2026-01-17,North,Email,316,28,2369.78,114.3
2026-01-17,North,Affiliate,349,24,2503.91,233.83
2026-01-17,West,Search,531,38,3435.72,437.64
2026-01-17,West,Social,583,29,2548.23,352.53
2026-01-17,West,Email,284,27,2745.31,120.75
2026-01-17,West,Affiliate,351,18,1723.58,234.22
2026-01-18,East,Search,644,39,3542.96,433.8
2026-01-18,East,Social,742,26,2094.97,375.51
2026-01-18,East,Email,362,37,3534.38,122.76
2026-01-18,East,Affiliate,473,30,2421.53,223.37
2026-01-18,South,Search,629,28,2529.6,446.24
2026-01-18,South,Social,688,31,2694.66,363.88
2026-01-18,South,Email,336,31,3029.11,118.13
2026-01-18,South,Affiliate,400,30,2497.09,224.33
2026-01-18,North,Search,558,28,2751.31,447.85
2026-01-18,North,Social,598,16,1380.63,381.46
2026-01-18,North,Email,297,32,3341.85,124.69
2026-01-18,North,Affiliate,363,38,3240.81,223.02
2026-01-18,West,Search,486,17,1479.61,428.97
2026-01-18,West,Social,612,28,2248.75,360.7
2026-01-18,West,Email,274,31,2910.75,122.86
2026-01-18,West,Affiliate,332,27,2398.15,230.55
2026-01-19,East,Search,639,37,3011.38,428.72
2026-01-19,East,Social,728,24,1859.72,369.92
2026-01-19,East,Email,375,33,3065.04,120.97
2026-01-19,East,Affiliate,462,25,2498.21,226.17
2026-01-19,South,Search,639,38,3438.57,432.4
2026-01-19,South,Social,670,24,2072.21,383.4
2026-01-19,South,Email,313,27,2574.91,114.94
2026-01-19,South,Affiliate,443,36,3835.72,227.09
2026-01-19,North,Search,513,43,3889.42,432.7
2026-01-19,North,Social,627,34,2862.04,375.39
2026-01-19,North,Email,314,32,3087.64,124.58
2026-01-19,North,Affiliate,384,23,2099.46,217.99
2026-01-19,West,Search,495,23,1971.26,461.61
2026-01-19,West,Social,583,24,2442.13,359.52
2026-01-19,West,Email,267,24,2370.92,118.4
2026-01-19,West,Affiliate,365,20,1527.15,216.8
2026-01-20,East,Search,654,41,3362.8,453.74
2026-01-20,East,Social,749,31,2664.71,392.96
2026-01-20,East,Email,391,33,3247.0,122.11
2026-01-20,East,Affiliate,489,32,2924.43,240.58
2026-01-20,South,Search,610,36,2886.83,433.32
2026-01-20,South,Social,661,25,2500.84,380.58
2026-01-20,South,Email,342,28,2236.52,121.36
2026-01-20,South,Affiliate,433,23,2005.92,226.33
2026-01-20,North,Search,567,37,3585.59,418.48
2026-01-20,North,Social,611,20,1757.09,358.89
2026-01-20,North,Email,305,22,1997.95,115.07
2026-01-20,North,Affiliate,377,26,2617.51,234.17
2026-01-20,West,Search,537,23,2160.72,454.98
2026-01-20,West,Social,560,23,2095.98,391.63
2026-01-20,West,Email,294,34,2989.37,120.95
2026-01-20,West,Affiliate,369,20,1915.14,240.07
2026-01-21,East,Search,716,45,3535.26,462.09
2026-01-21,East,Social,805,34,3135.4,374.04
2026-01-21,East,Email,361,27,2448.16,127.03
2026-01-21,East,Affiliate,452,24,2382.06,226.91
2026-01-21,South,Search,596,32,2826.86,414.36
2026-01-21,South,Social,759,35,3632.77,358.2
2026-01-21,South,Email,342,33,3218.1,125.85
2026-01-21,South,Affiliate,409,19,1562.12,225.49
2026-01-21,North,Search,570,39,4253.29,435.5
2026-01-21,North,Social,622,29,2874.44,372.83
2026-01-21,North,Email,313,32,2389.72,117.43
2026-01-21,North,Affiliate,400,26,2449.18,243.69
2026-01-21,West,Search,536,30,2800.75,465.92
2026-01-21,West,Social,549,19,1674.17,393.33
2026-01-21,West,Email,277,22,1966.37,118.63
2026-01-21,West,Affiliate,339,17,1771.11,237.89
2026-01-22,East,Search,622,37,3055.26,456.18
2026-01-22,East,Social,739,34,3335.57,376.23
2026-01-22,East,Email,357,42,4492.59,116.29
2026-01-22,East,Affiliate,473,27,2721.44,236.48
2026-01-22,South,Search,575,27,2474.17,455.06
2026-01-22,South,Social,658,19,1628.5,374.83
2026-01-22,South,Email,314,24,2200.37,120.22
2026-01-22,South,Affiliate,432,37,3093.22,245.0
2026-01-22,North,Search,545,24,2171.64,455.13
2026-01-22,North,Social,610,28,2725.48,376.14
2026-01-22,North,Email,299,29,2511.06,127.3
2026-01-22,North,Affiliate,409,32,2652.14,239.95
2026-01-22,West,Search,516,26,2186.52,423.2
2026-01-22,West,Social,526,33,3456.49,381.28
2026-01-22,West,Email,260,15,1300.29,124.51
2026-01-22,West,Affiliate,341,24,1886.07,230.1
2026-01-23,East,Search,679,41,4302.64,435.07
2026-01-23,East,Social,760,40,3570.32,368.23
2026-01-23,East,Email,388,25,2220.39,125.68
2026-01-23,East,Affiliate,478,26,2598.08,244.12
2026-01-23,South,Search,610,41,4299.46,436.16
2026-01-23,South,Social,678,29,2526.49,362.94
2026-01-23,South,Email,320,30,2387.07,122.96
2026-01-23,South,Affiliate,415,21,1838.05,221.67
2026-01-23,North,Search,557,46,4442.41,441.22
2026-01-23,North,Social,587,24,1963.35,370.01
2026-01-23,North,Email,328,35,3526.16,114.91
2026-01-23,North,Affiliate,387,25,2467.53,241.44
2026-01-23,West,Search,505,16,1459.23,437.41
2026-01-23,West,Social,560,21,2333.04,382.04
2026-01-23,West,Email,273,25,2511.29,127.74
2026-01-23,West,Affiliate,358,24,2189.47,240.01
2026-01-24,East,Search,677,42,3855.5,467.01
2026-01-24,East,Social,724,23,1750.31,367.06
2026-01-24,East,Email,389,24,2127.96,117.83
2026-01-24,East,Affiliate,481,31,2479.6,220.44
2026-01-24,South,Search,612,38,3524.31,420.19
2026-01-24,South,Social,670,23,1957.91,377.79
2026-01-24,South,Email,338,39,3516.94,120.81
2026-01-24,South,Affiliate,437,20,1906.64,237.23
2026-01-24,North,Search,557,30,2633.77,419.96
2026-01-24,North,Social,593,26,2600.74,373.33
2026-01-24,North,Email,307,31,2520.96,119.79
2026-01-24,North,Affiliate,364,27,2439.66,221.09
2026-01-24,West,Search,504,36,3487.73,423.97
2026-01-24,West,Social,596,20,2087.08,391.52
2026-01-24,West,Email,280,25,2029.34,119.16
2026-01-24,West,Affiliate,333,21,1835.49,223.65
2026-01-25,East,Search,674,37,3506.49,451.65
2026-01-25,East,Social,726,33,2706.18,374.06
2026-01-25,East,Email,422,31,2425.39,124.69
2026-01-25,East,Affiliate,490,24,1962.36,236.34
2026-01-25,South,Search,577,38,3549.44,441.32
2026-01-25,South,Social,686,23,2071.81,394.76
2026-01-25,South,Email,353,32,3222.66,127.47
2026-01-25,South,Affiliate,440,30,2991.85,230.9
2026-01-25,North,Search,593,41,3582.11,456.66
2026-01-25,North,Social,630,24,2465.75,385.19
2026-01-25,North,Email,298,33,3008.23,117.97
2026-01-25,North,Affiliate,393,29,2480.45,237.65
2026-01-25,West,Search,499,26,2300.07,456.76
2026-01-25,West,Social,577,20,1674.89,397.13
2026-01-25,West,Email,282,23,2072.89,116.29
2026-01-25,West,Affiliate,358,27,2614.09,232.26
2026-01-26,East,Search,671,36,3508.41,442.75
2026-01-26,East,Social,754,22,2006.1,370.24
2026-01-26,East,Email,396,33,3268.57,128.95
2026-01-26,East,Affiliate,502,29,2732.07,241.66
2026-01-26,South,Search,615,34,3276.4,437.23
2026-01-26,South,Social,707,32,2669.6,388.94
2026-01-26,South,Email,337,27,2508.46,125.6
2026-01-26,South,Affiliate,428,37,2900.19,239.12
2026-01-26,North,Search,522,31,3056.96,457.7
2026-01-26,North,Social,694,29,2206.72,397.76
2026-01-26,North,Email,306,25,2138.41,124.02
2026-01-26,North,Affiliate,404,28,2415.0,238.17
2026-01-26,West,Search,539,39,3899.57,426.98
2026-01-26,West,Social,565,21,1725.11,363.37
2026-01-26,West,Email,285,22,2052.67,118.2
2026-01-26,West,Affiliate,386,24,2056.73,239.75
2026-01-27,East,Search,685,46,3332.69,426.65
2026-01-27,East,Social,732,32,2824.85,368.33
2026-01-27,East,Email,386,36,3398.99,119.24
2026-01-27,East,Affiliate,464,37,3141.53,224.64
2026-01-27,South,Search,601,40,3941.41,441.95
2026-01-27,South,Social,650,15,1457.2,402.53
2026-01-27,South,Email,356,32,3044.36,114.92
2026-01-27,South,Affiliate,432,28,2745.72,241.38
2026-01-27,North,Search,544,31,2436.03,432.12
2026-01-27,North,Social,603,23,2274.51,369.32
2026-01-27,North,Email,348,25,2212.66,121.18
2026-01-27,North,Affiliate,367,29,2459.54,238.13
2026-01-27,West,Search,504,28,2571.16,449.24
2026-01-27,West,Social,566,20,1512.22,399.91
2026-01-27,West,Email,296,24,2356.68,114.99
2026-01-27,West,Affiliate,369,23,2210.69,227.6
2026-01-28,East,Search,717,39,3314.85,428.84
2026-01-28,East,Social,792,26,2336.28,378.76
2026-01-28,East,Email,402,41,3544.55,123.85
2026-01-28,East,Affiliate,509,35,2834.68,230.4
2026-01-28,South,Search,616,33,2696.98,442.41
2026-01-28,South,Social,663,26,2429.78,363.19
2026-01-28,South,Email,345,32,2899.59,126.9
2026-01-28,South,Affiliate,426,30,3221.0,241.43
2026-01-28,North,Search,571,31,2874.08,456.03
2026-01-28,North,Social,671,21,1887.23,387.38
2026-01-28,North,Email,320,33,2901.17,119.65
2026-01-28,North,Affiliate,359,16,1270.94,241.19
2026-01-28,West,Search,491,32,3187.29,449.92
2026-01-28,West,Social,567,20,2003.68,373.3
2026-01-28,West,Email,321,24,2042.82,128.99
2026-01-28,West,Affiliate,354,30,2831.14,243.21
2026-01-29,East,Search,704,37,3842.41,429.27
2026-01-29,East,Social,813,41,3460.0,405.23
2026-01-29,East,Email,388,33,3336.35,129.63
2026-01-29,East,Affiliate,501,31,2996.59,243.71
2026-01-29,South,Search,613,42,3218.21,469.12
2026-01-29,South,Social,688,28,2430.4,406.11
2026-01-29,South,Email,378,29,2802.85,122.76
2026-01-29,South,Affiliate,423,21,1674.08,225.29
2026-01-29,North,Search,547,25,2287.13,434.4
2026-01-29,North,Social,603,24,2331.02,367.39
2026-01-29,North,Email,292,26,2308.28,124.4
2026-01-29,North,Affiliate,383,20,1592.18,239.96
2026-01-29,West,Search,486,26,2086.42,473.9
2026-01-29,West,Social,559,19,1518.89,374.13
2026-01-29,West,Email,300,18,1665.48,124.72
2026-01-29,West,Affiliate,359,21,1853.54,221.77
2026-01-30,East,Search,723,38,3575.85,457.99
2026-01-30,East,Social,808,27,2434.45,400.82
2026-01-30,East,Email,420,47,4235.33,128.42
2026-01-30,East,Affiliate,489,27,1876.63,229.81
2026-01-30,South,Search,600,33,3077.08,451.48
2026-01-30,South,Social,714,28,2262.6,393.63
2026-01-30,South,Email,331,37,3084.69,119.62
2026-01-30,South,Affiliate,452,21,1896.21,229.9
2026-01-30,North,Search,576,33,3286.71,433.95
2026-01-30,North,Social,636,32,2731.03,371.21
2026-01-30,North,Email,289,33,2952.48,118.28
2026-01-30,North,Affiliate,432,25,2317.57,227.94
2026-01-30,West,Search,467,28,2817.43,474.95
2026-01-30,West,Social,573,18,1657.24,404.11
2026-01-30,West,Email,317,25,2170.23,122.09
2026-01-30,West,Affiliate,360,22,2023.31,241.27
2026-01-31,East,Search,695,40,2691.28,456.65
2026-01-31,East,Social,796,30,2694.44,406.99
2026-01-31,East,Email,473,36,3055.74,123.46
2026-01-31,East,Affiliate,443,37,2861.75,242.51
2026-01-31,South,Search,587,42,3171.79,424.54
2026-01-31,South,Social,695,21,1775.8,380.97
2026-01-31,South,Email,363,36,2983.95,118.64
2026-01-31,South,Affiliate,441,30,2389.01,237.46
2026-01-31,North,Search,539,26,2475.56,429.46
2026-01-31,North,Social,633,25,2394.6,364.51
2026-01-31,North,Email,313,33,3182.55,129.9
2026-01-31,North,Affiliate,423,23,1915.74,231.53
2026-01-31,West,Search,482,26,2167.28,442.62
2026-01-31,West,Social,536,23,2000.7,387.5
2026-01-31,West,Email,285,30,2837.15,123.37
2026-01-31,West,Affiliate,379,32,2696.18,239.78
2026-02-01,East,Search,815,38,3811.08,452.27
2026-02-01,East,Social,938,34,2799.0,390.47
2026-02-01,East,Email,499,48,4850.37,126.99
2026-02-01,East,Affiliate,572,20,1739.88,235.24
2026-02-01,South,Search,701,36,3205.78,428.17
2026-02-01,South,Social,833,36,3080.41,401.19
2026-02-01,South,Email,394,31,2456.38,123.45
2026-02-01,South,Affiliate,483,32,3114.45,239.93
2026-02-01,North,Search,665,47,4010.34,476.56
2026-02-01,North,Social,741,28,2147.35,374.6
2026-02-01,North,Email,340,26,2181.05,118.96
2026-02-01,North,Affiliate,485,32,3085.37,238.16
2026-02-01,West,Search,595,42,3698.2,462.39
2026-02-01,West,Social,672,24,2382.77,404.6
2026-02-01,West,Email,327,31,2366.61,124.54
2026-02-01,West,Affiliate,448,34,2938.99,246.23
2026-02-02,East,Search,680,43,4025.89,452.9
2026-02-02,East,Social,831,32,2781.57,368.05
2026-02-02,East,Email,372,40,3518.16,129.88
2026-02-02,East,Affiliate,495,31,2746.64,238.81
2026-02-02,South,Search,615,51,3747.12,444.71
2026-02-02,South,Social,672,22,2136.5,389.29
2026-02-02,South,Email,366,26,2459.26,126.35
2026-02-02,South,Affiliate,449,24,1969.8,238.82
2026-02-02,North,Search,584,34,3082.77,470.57
2026-02-02,North,Social,639,27,2719.16,381.71
2026-02-02,North,Email,346,34,2906.2,117.79
2026-02-02,North,Affiliate,408,29,2672.47,242.29
2026-02-02,West,Search,500,30,2823.94,460.83
2026-02-02,West,Social,631,20,1858.81,364.47
2026-02-02,West,Email,283,23,2444.48,125.73
2026-02-02,West,Affiliate,341,32,3260.53,236.33
2026-02-03,East,Search,694,38,3747.39,472.65
2026-02-03,East,Social,763,31,3087.92,398.88
2026-02-03,East,Email,399,38,3925.74,117.89
2026-02-03,East,Affiliate,492,21,2014.08,224.96
2026-02-03,South,Search,592,37,3069.67,438.98
2026-02-03,South,Social,687,35,2932.96,390.91
2026-02-03,South,Email,325,25,2595.94,119.18
2026-02-03,South,Affiliate,486,36,3131.85,248.67
2026-02-03,North,Search,588,38,3016.19,467.37
2026-02-03,North,Social,692,40,3684.28,364.9
2026-02-03,North,Email,337,30,2854.17,130.35
2026-02-03,North,Affiliate,387,32,2728.88,223.3
2026-02-03,West,Search,506,26,2415.86,467.34
2026-02-03,West,Social,600,27,2616.28,404.86
2026-02-03,West,Email,283,24,2075.45,122.34
2026-02-03,West,Affiliate,394,19,1721.6,228.49
2026-02-04,East,Search,729,40,3986.12,472.06
2026-02-04,East,Social,795,30,2680.32,368.35
2026-02-04,East,Email,386,31,2649.54,131.53
2026-02-04,East,Affiliate,521,36,3743.19,226.87
2026-02-04,South,Search,610,21,1773.48,448.13
2026-02-04,South,Social,681,31,2628.12,393.49
2026-02-04,South,Email,361,34,2850.01,126.75
2026-02-04,South,Affiliate,467,28,3011.31,248.22
2026-02-04,North,Search,579,45,4364.72,471.71
2026-02-04,North,Social,640,23,2041.51,375.13
2026-02-04,North,Email,333,29,2760.88,129.53
2026-02-04,North,Affiliate,411,38,2814.6,239.35
2026-02-04,West,Search,511,21,1895.8,447.13
2026-02-04,West,Social,597,20,2040.11,373.9
2026-02-04,West,Email,285,29,3071.1,119.84
2026-02-04,West,Affiliate,405,27,2431.01,250.99
2026-02-05,East,Search,704,57,4581.75,457.97
2026-02-05,East,Social,775,31,2911.23,411.42
2026-02-05,East,Email,420,34,3171.49,122.13
2026-02-05,East,Affiliate,485,33,2975.43,246.54
2026-02-05,South,Search,597,32,2650.46,449.32
2026-02-05,South,Social,732,32,2807.99,388.36
2026-02-05,South,Email,326,32,2954.69,121.05
2026-02-05,South,Affiliate,435,25,1999.94,244.4
2026-02-05,North,Search,553,35,3262.11,464.72
2026-02-05,North,Social,681,22,2159.26,370.21
2026-02-05,North,Email,307,26,2019.79,128.34
2026-02-05,North,Affiliate,411,21,2049.94,238.21
2026-02-05,West,Search,510,30,2691.92,452.83
2026-02-05,West,Social,582,20,1697.67,377.78
2026-02-05,West,Email,302,32,2922.27,129.03
2026-02-05,West,Affiliate,397,34,2820.9,226.04
2026-02-06,East,Search,706,36,3361.59,454.92
2026-02-06,East,Social,771,32,2732.56,405.31
2026-02-06,East,Email,403,36,3321.93,120.13
2026-02-06,East,Affiliate,519,43,3420.54,228.56
2026-02-06,South,Search,610,32,3124.05,442.31
2026-02-06,South,Social,730,16,1340.68,374.91
2026-02-06,South,Email,332,29,2958.89,131.43
2026-02-06,South,Affiliate,417,27,2505.29,240.46
2026-02-06,North,Search,560,31,2884.36,443.4
2026-02-06,North,Social,650,27,2340.73,407.93
2026-02-06,North,Email,331,24,2204.25,124.02
2026-02-06,North,Affiliate,405,25,2105.47,242.24
2026-02-06,West,Search,466,27,2120.18,442.7
2026-02-06,West,Social,581,32,3171.47,393.75
2026-02-06,West,Email,307,29,2588.22,130.45
2026-02-06,West,Affiliate,389,27,2135.05,250.25
2026-02-07,East,Search,719,34,2923.35,437.57
2026-02-07,East,Social,782,36,2869.22,412.33
2026-02-07,East,Email,405,34,2840.66,119.74
2026-02-07,East,Affiliate,498,26,2428.76,233.01
2026-02-07,South,Search,585,40,4120.63,449.13
2026-02-07,South,Social,681,32,2397.69,391.97
2026-02-07,South,Email,355,38,3337.24,122.27
2026-02-07,South,Affiliate,483,32,2921.06,232.59
2026-02-07,North,Search,612,30,2882.44,457.44
2026-02-07,North,Social,624,24,1850.54,413.57
2026-02-07,North,Email,328,31,2929.51,128.23
2026-02-07,North,Affiliate,403,23,2398.92,232.37
2026-02-07,West,Search,543,29,2470.8,463.18
2026-02-07,West,Social,601,14,1302.5,405.88
2026-02-07,West,Email,273,21,1980.95,125.05
2026-02-07,West,Affiliate,367,26,2199.31,243.0
2026-02-08,East,Search,715,51,4064.84,455.26
2026-02-08,East,Social,809,34,3136.8,387.23
2026-02-08,East,Email,401,32,2901.03,119.72
2026-02-08,East,Affiliate,471,24,2207.57,230.93
2026-02-08,South,Search,610,37,3672.12,444.98
2026-02-08,South,Social,739,26,2737.6,377.62
2026-02-08,South,Email,326,32,3175.68,122.2
2026-02-08,South,Affiliate,437,30,2691.16,242.19
2026-02-08,North,Search,553,31,2877.27,444.77
2026-02-08,North,Social,655,31,3207.52,414.76
2026-02-08,North,Email,355,47,4123.98,122.12
2026-02-08,North,Affiliate,413,15,1293.12,237.62
2026-02-08,West,Search,514,35,2887.32,453.78
2026-02-08,West,Social,571,23,2033.98,382.86
2026-02-08,West,Email,312,26,2172.97,123.05
2026-02-08,West,Affiliate,371,24,1908.76,234.55
2026-02-09,East,Search,677,38,3844.31,474.23
2026-02-09,East,Social,747,29,2378.76,371.65
2026-02-09,East,Email,400,36,3011.23,130.3
2026-02-09,East,Affiliate,458,30,3154.42,237.7
2026-02-09,South,Search,617,32,2944.82,446.52
2026-02-09,South,Social,730,30,2871.88,406.6
2026-02-09,South,Email,360,34,2950.22,119.71
2026-02-09,South,Affiliate,447,30,2671.32,226.73
2026-02-09,North,Search,583,38,3690.05,480.68
2026-02-09,North,Social,645,27,2398.9,382.74
2026-02-09,North,Email,355,35,3007.61,120.22
2026-02-09,North,Affiliate,374,26,1931.93,242.18
2026-02-09,West,Search,509,24,2369.98,464.33
2026-02-09,West,Social,568,20,1850.62,403.47
2026-02-09,West,Email,278,19,1621.92,119.13
2026-02-09,West,Affiliate,366,25,2476.73,252.74
2026-02-10,East,Search,682,40,3924.55,462.09
2026-02-10,East,Social,846,29,3062.69,412.41
2026-02-10,East,Email,398,35,3256.52,123.11
2026-02-10,East,Affiliate,487,48,3980.84,241.65
2026-02-10,South,Search,639,33,2934.02,472.91
2026-02-10,South,Social,745,34,3218.61,397.89
2026-02-10,South,Email,325,20,1966.81,119.72
2026-02-10,South,Affiliate,438,34,2751.46,240.95
2026-02-10,North,Search,572,42,4165.6,441.9
2026-02-10,North,Social,663,27,2333.08,396.98
2026-02-10,North,Email,356,31,2729.44,129.47
2026-02-10,North,Affiliate,440,25,2267.15,235.78
2026-02-10,West,Search,503,33,2650.08,452.43
2026-02-10,West,Social,617,23,2306.76,376.54
2026-02-10,West,Email,273,27,2259.51,127.91
2026-02-10,West,Affiliate,365,21,1987.01,248.99
2026-02-11,East,Search,702,48,4278.14,439.4
2026-02-11,East,Social,778,38,3706.35,415.46
2026-02-11,East,Email,374,35,3955.67,124.42
2026-02-11,East,Affiliate,546,32,3185.22,235.74
2026-02-11,South,Search,621,31,2778.88,440.44
2026-02-11,South,Social,743,31,2651.81,379.38
2026-02-11,South,Email,370,30,2612.44,123.79
2026-02-11,South,Affiliate,455,30,2794.53,236.38
2026-02-11,North,Search,586,30,2825.99,442.82
2026-02-11,North,Social,638,20,1807.69,371.11
2026-02-11,North,Email,315,34,3380.51,125.01
2026-02-11,North,Affiliate,395,28,2690.42,244.78
2026-02-11,West,Search,518,30,2255.79,472.81
2026-02-11,West,Social,585,16,1470.52,402.17
2026-02-11,West,Email,304,24,2382.92,123.26
2026-02-11,West,Affiliate,389,22,1916.89,246.38
2026-02-12,East,Search,730,32,2795.95,470.32
2026-02-12,East,Social,850,39,3245.15,395.83
2026-02-12,East,Email,426,42,3624.94,123.28
2026-02-12,East,Affiliate,471,33,2971.67,239.03
2026-02-12,South,Search,647,35,3027.08,447.79
2026-02-12,South,Social,730,29,2853.06,377.95
2026-02-12,South,Email,344,39,3094.7,124.4
2026-02-12,South,Affiliate,448,27,2320.32,234.36
2026-02-12,North,Search,579,36,3099.43,460.18
2026-02-12,North,Social,691,20,1917.19,404.78
2026-02-12,North,Email,300,19,1705.76,130.95
2026-02-12,North,Affiliate,433,25,1998.6,234.97
2026-02-12,West,Search,532,33,2798.54,444.88
2026-02-12,West,Social,607,36,3663.03,384.8
2026-02-12,West,Email,302,33,2813.55,132.49
2026-02-12,West,Affiliate,388,19,1731.12,249.07
2026-02-13,East,Search,674,34,2803.55,433.07
2026-02-13,East,Social,808,24,2729.65,403.29
2026-02-13,East,Email,405,32,2914.5,122.97
2026-02-13,East,Affiliate,520,29,2423.24,250.83
2026-02-13,South,Search,683,46,3740.04,460.82
2026-02-13,South,Social,721,30,2773.8,385.68
2026-02-13,South,Email,373,30,3016.95,131.48
2026-02-13,South,Affiliate,459,38,3407.83,228.14
2026-02-13,North,Search,610,35,3154.22,461.17
2026-02-13,North,Social,646,29,2731.33,372.61
2026-02-13,North,Email,314,24,2392.25,122.37
2026-02-13,North,Affiliate,401,27,2577.01,241.13
2026-02-13,West,Search,523,20,2038.7,439.22
2026-02-13,West,Social,577,22,1818.3,383.59
2026-02-13,West,Email,294,26,2052.07,126.05
2026-02-13,West,Affiliate,370,23,2033.93,249.42
2026-02-14,East,Search,725,38,3378.78,463.86
2026-02-14,East,Social,831,31,3036.83,398.66
2026-02-14,East,Email,386,37,3312.71,121.25
2026-02-14,East,Affiliate,467,39,3532.77,246.59
2026-02-14,South,Search,625,40,4113.64,478.54
2026-02-14,South,Social,686,26,2398.16,377.86
2026-02-14,South,Email,363,29,2598.78,131.95
2026-02-14,South,Affiliate,428,27,2236.58,247.98
2026-02-14,North,Search,590,38,3180.05,484.37
2026-02-14,North,Social,677,34,3259.25,399.24
2026-02-14,North,Email,330,37,3163.68,131.24
2026-02-14,North,Affiliate,407,29,2805.17,239.42
2026-02-14,West,Search,518,31,3026.99,444.64
2026-02-14,West,Social,612,33,3340.23,411.62
2026-02-14,West,Email,298,26,2406.62,128.18
2026-02-14,West,Affiliate,384,37,3176.76,248.03
2026-02-15,East,Search,870,50,4343.53,445.27
2026-02-15,East,Social,976,37,3813.32,387.96
2026-02-15,East,Email,503,32,2775.6,124.83
2026-02-15,East,Affiliate,609,49,4461.53,251.47
2026-02-15,South,Search,724,52,4648.31,478.27
2026-02-15,South,Social,851,33,2958.44,381.38
2026-02-15,South,Email,388,40,3551.4,119.28
2026-02-15,South,Affiliate,543,34,2855.39,242.97
2026-02-15,North,Search,663,48,4536.42,478.59
2026-02-15,North,Social,798,35,3311.82,403.28
2026-02-15,North,Email,381,39,4282.52,121.92
2026-02-15,North,Affiliate,460,46,3464.57,230.28
2026-02-15,West,Search,623,40,3428.93,474.05
2026-02-15,West,Social,737,26,2396.73,386.6
2026-02-15,West,Email,378,30,2186.03,126.34
2026-02-15,West,Affiliate,491,31,2803.61,251.09
2026-02-16,East,Search,723,37,4033.53,442.87
2026-02-16,East,Social,783,31,2687.96,379.99
2026-02-16,East,Email,363,23,1901.76,122.56
2026-02-16,East,Affiliate,497,23,2177.31,250.21
2026-02-16,South,Search,642,48,4174.91,455.84
2026-02-16,South,Social,770,24,2224.2,389.01
2026-02-16,South,Email,377,39,3197.32,128.89
2026-02-16,South,Affiliate,438,24,2191.35,248.6
2026-02-16,North,Search,616,37,3627.5,481.41
2026-02-16,North,Social,654,19,1754.79,374.68
2026-02-16,North,Email,311,28,2467.71,126.84
2026-02-16,North,Affiliate,383,25,2489.49,230.22
2026-02-16,West,Search,564,40,3628.47,458.21
2026-02-16,West,Social,599,26,2329.72,399.81
2026-02-16,West,Email,306,32,2902.73,130.29
2026-02-16,West,Affiliate,383,19,1591.13,249.86
2026-02-17,East,Search,736,41,3153.05,475.81
2026-02-17,East,Social,817,29,3017.01,420.71
2026-02-17,East,Email,374,37,3702.35,119.99
2026-02-17,East,Affiliate,521,32,2841.51,231.69
2026-02-17,South,Search,574,29,2633.71,441.44
2026-02-17,South,Social,708,30,2955.93,416.15
2026-02-17,South,Email,386,26,2638.33,123.91
2026-02-17,South,Affiliate,470,36,3143.64,248.65
2026-02-17,North,Search,588,36,3382.51,463.86
2026-02-17,North,Social,636,16,1533.78,391.8
2026-02-17,North,Email,331,33,3120.96,125.66
2026-02-17,North,Affiliate,386,22,2116.32,241.44
2026-02-17,West,Search,489,36,3206.81,463.91
2026-02-17,West,Social,605,22,2017.93,385.55
2026-02-17,West,Email,280,27,2548.89,131.3
2026-02-17,West,Affiliate,363,28,2413.61,246.63
2026-02-18,East,Search,704,44,4423.71,475.79
2026-02-18,East,Social,803,26,2533.7,407.53
2026-02-18,East,Email,381,37,3848.17,123.05
2026-02-18,East,Affiliate,504,32,3144.17,249.88
2026-02-18,South,Search,628,39,3710.75,442.05
2026-02-18,South,Social,687,29,2634.35,407.88
2026-02-18,South,Email,349,27,2780.64,124.35
2026-02-18,South,Affiliate,393,21,2065.43,244.49
2026-02-18,North,Search,580,39,3107.01,463.66
2026-02-18,North,Social,645,30,2574.04,391.11
2026-02-18,North,Email,332,30,2759.64,119.74
2026-02-18,North,Affiliate,401,23,2222.04,254.81
2026-02-18,West,Search,559,40,3236.43,449.84
2026-02-18,West,Social,637,38,3607.38,398.8
2026-02-18,West,Email,275,23,2143.06,132.98
2026-02-18,West,Affiliate,366,24,2344.32,233.18
2026-02-19,East,Search,687,48,3978.3,481.66
2026-02-19,East,Social,834,42,4476.55,383.62
2026-02-19,East,Email,391,32,3054.11,133.73
2026-02-19,East,Affiliate,474,29,2707.17,229.24
2026-02-19,South,Search,680,34,3338.97,444.3
2026-02-19,South,Social,736,33,2984.03,412.18
2026-02-19,South,Email,355,36,2995.71,121.54
2026-02-19,South,Affiliate,445,27,2711.5,232.47
2026-02-19,North,Search,586,24,2036.27,477.17
2026-02-19,North,Social,629,23,2272.71,407.75
2026-02-19,North,Email,318,25,2386.0,131.66
2026-02-19,North,Affiliate,441,25,1955.69,231.07
2026-02-19,West,Search,509,21,1973.57,485.14
2026-02-19,West,Social,600,27,2489.71,421.42
2026-02-19,West,Email,300,36,2969.61,120.55
2026-02-19,West,Affiliate,378,28,2712.67,236.77
2026-02-20,East,Search,684,32,3519.07,487.15
2026-02-20,East,Social,815,39,3628.79,399.42
2026-02-20,East,Email,434,40,3958.33,121.99
2026-02-20,East,Affiliate,508,36,3721.21,233.58
2026-02-20,South,Search,650,31,2933.68,453.58
2026-02-20,South,Social,681,21,1887.93,404.55
2026-02-20,South,Email,359,38,3525.2,129.12
2026-02-20,South,Affiliate,456,35,3127.06,253.06
2026-02-20,North,Search,637,37,3745.67,465.14
2026-02-20,North,Social,648,16,1429.59,396.54
2026-02-20,North,Email,336,27,2521.09,132.74
2026-02-20,North,Affiliate,396,25,2391.71,232.07
2026-02-20,West,Search,505,28,2720.31,486.54
2026-02-20,West,Social,598,25,2156.51,377.06
2026-02-20,West,Email,309,31,2607.64,128.87
2026-02-20,West,Affiliate,358,21,1805.65,238.83
2026-02-21,East,Search,733,32,3173.28,493.17
2026-02-21,East,Social,806,27,2638.75,386.63
2026-02-21,East,Email,414,36,3058.42,127.78
2026-02-21,East,Affiliate,524,38,3049.13,233.54
2026-02-21,South,Search,634,38,3440.48,490.61
2026-02-21,South,Social,806,34,3186.32,387.49
2026-02-21,South,Email,359,31,2604.94,131.32
2026-02-21,South,Affiliate,464,25,2519.07,247.25
2026-02-21,North,Search,573,37,3720.86,473.12
2026-02-21,North,Social,649,41,3504.86,402.88
2026-02-21,North,Email,322,27,2535.49,133.72
2026-02-21,North,Affiliate,401,31,2873.19,254.66
2026-02-21,West,Search,534,37,2921.95,493.71
2026-02-21,West,Social,596,27,2609.14,397.71
2026-02-21,West,Email,290,22,1974.13,126.49
2026-02-21,West,Affiliate,340,19,1737.04,234.12
2026-02-22,East,Search,695,36,2920.3,491.43
2026-02-22,East,Social,821,30,2807.84,391.98
2026-02-22,East,Email,420,49,4350.23,125.65
2026-02-22,East,Affiliate,484,41,4117.03,257.7
2026-02-22,South,Search,652,32,2879.87,466.94
2026-02-22,South,Social,685,23,2138.67,376.71
2026-02-22,South,Email,400,43,3574.61,124.92
2026-02-22,South,Affiliate,454,21,1809.78,247.45
2026-02-22,North,Search,573,36,2629.9,457.2
2026-02-22,North,Social,744,31,3071.94,376.2
2026-02-22,North,Email,327,24,1927.43,122.49
2026-02-22,North,Affiliate,396,31,2901.94,230.74
2026-02-22,West,Search,547,34,3038.74,474.46
2026-02-22,West,Social,568,32,3120.24,378.22
2026-02-22,West,Email,293,20,1606.73,121.5
2026-02-22,West,Affiliate,357,26,2364.8,249.92
2026-02-23,East,Search,702,48,4524.85,473.91
2026-02-23,East,Social,810,26,2749.05,409.03
2026-02-23,East,Email,414,38,2843.41,124.83
2026-02-23,East,Affiliate,504,38,3130.23,244.33
2026-02-23,South,Search,641,38,3695.06,464.2
2026-02-23,South,Social,779,22,1845.1,404.69
2026-02-23,South,Email,378,35,2805.32,127.73
2026-02-23,South,Affiliate,404,24,2414.22,245.35
2026-02-23,North,Search,622,46,4135.73,473.8
2026-02-23,North,Social,629,26,2276.31,413.32
2026-02-23,North,Email,330,29,2341.69,126.57
2026-02-23,North,Affiliate,407,22,1988.31,235.27
2026-02-23,West,Search,507,26,2367.6,439.59
2026-02-23,West,Social,669,25,2095.34,393.2
2026-02-23,West,Email,314,24,2377.49,129.27
2026-02-23,West,Affiliate,397,27,2299.52,239.37
2026-02-24,East,Search,686,37,2806.72,486.48
2026-02-24,East,Social,770,20,1826.61,389.25
2026-02-24,East,Email,407,46,4251.26,134.51
2026-02-24,East,Affiliate,517,43,4212.4,249.88
2026-02-24,South,Search,666,52,5060.69,448.2
2026-02-24,South,Social,736,27,2195.55,385.06
2026-02-24,South,Email,361,36,3655.16,126.1
2026-02-24,South,Affiliate,445,32,2731.82,239.75
2026-02-24,North,Search,612,32,2719.03,471.0
2026-02-24,North,Social,694,20,2132.57,382.02
2026-02-24,North,Email,327,25,2334.63,128.39
2026-02-24,North,Affiliate,396,35,3279.88,237.8
2026-02-24,West,Search,519,26,2297.31,441.93
2026-02-24,West,Social,647,27,2571.46,377.82
2026-02-24,West,Email,301,30,3211.7,129.41
2026-02-24,West,Affiliate,356,20,2062.37,235.31
2026-02-25,East,Search,734,41,4138.29,488.91
2026-02-25,East,Social,835,22,1955.99,384.79
2026-02-25,East,Email,433,44,4244.99,123.95
2026-02-25,East,Affiliate,500,32,3162.26,238.2
2026-02-25,South,Search,648,42,3731.09,493.9
2026-02-25,South,Social,753,24,1999.19,393.0
2026-02-25,South,Email,383,24,2130.89,124.44
2026-02-25,South,Affiliate,467,33,3210.11,231.85
2026-02-25,North,Search,588,36,3239.27,466.86
2026-02-25,North,Social,645,29,2664.99,382.01
2026-02-25,North,Email,320,25,2018.19,122.43
2026-02-25,North,Affiliate,377,32,3285.15,237.72
2026-02-25,West,Search,516,21,2098.52,459.11
2026-02-25,West,Social,577,30,3029.43,386.46
2026-02-25,West,Email,300,28,2756.56,124.41
2026-02-25,West,Affiliate,380,35,3007.91,230.79
2026-02-26,East,Search,729,45,4625.71,440.94
2026-02-26,East,Social,811,38,2721.79,384.1
2026-02-26,East,Email,437,35,3355.98,135.99
2026-02-26,East,Affiliate,518,32,2461.52,242.49
2026-02-26,South,Search,657,33,2423.83,491.46
2026-02-26,South,Social,710,29,2621.24,383.99
2026-02-26,South,Email,358,26,2571.4,123.94
2026-02-26,South,Affiliate,440,31,3081.76,244.18
2026-02-26,North,Search,643,39,3477.57,483.21
2026-02-26,North,Social,647,18,1698.8,404.71
2026-02-26,North,Email,348,31,2895.5,126.38
2026-02-26,North,Affiliate,417,30,2738.22,232.57
2026-02-26,West,Search,535,37,3316.51,444.58
2026-02-26,West,Social,593,28,2341.1,382.49
2026-02-26,West,Email,297,34,3172.58,135.52
2026-02-26,West,Affiliate,364,22,1873.18,246.8
2026-02-27,East,Search,706,30,2963.85,487.78
2026-02-27,East,Social,805,28,2055.49,422.42
2026-02-27,East,Email,406,50,4756.51,125.15
2026-02-27,East,Affiliate,536,32,2865.01,247.61
2026-02-27,South,Search,637,47,3772.18,473.35
2026-02-27,South,Social,748,22,2276.16,387.86
2026-02-27,South,Email,362,26,2017.21,132.25
2026-02-27,South,Affiliate,440,25,2517.53,240.74
2026-02-27,North,Search,602,35,3541.24,451.22
2026-02-27,North,Social,640,27,2226.32,419.29
2026-02-27,North,Email,340,31,2819.31,130.98
2026-02-27,North,Affiliate,378,31,2881.32,236.47
2026-02-27,West,Search,490,35,3211.18,492.01
2026-02-27,West,Social,620,24,2001.44,382.23
2026-02-27,West,Email,310,36,3222.93,132.52
2026-02-27,West,Affiliate,400,27,2331.71,248.27
2026-02-28,East,Search,677,49,4377.48,455.81
2026-02-28,East,Social,809,37,2923.47,403.71
2026-02-28,East,Email,402,39,3624.01,121.05
2026-02-28,East,Affiliate,502,37,3057.5,260.53
2026-02-28,South,Search,614,53,5245.41,471.03
2026-02-28,South,Social,690,32,2794.57,390.49
2026-02-28,South,Email,368,34,3160.71,132.15
2026-02-28,South,Affiliate,463,31,3086.16,231.91
2026-02-28,North,Search,603,47,4552.76,466.13
2026-02-28,North,Social,659,29,2619.71,421.04
2026-02-28,North,Email,330,19,1581.01,121.69
2026-02-28,North,Affiliate,437,32,2759.2,242.96
2026-02-28,West,Search,546,31,2749.84,492.33
2026-02-28,West,Social,572,32,2830.2,388.37
2026-02-28,West,Email,318,35,3183.88,122.81
2026-02-28,West,Affiliate,338,23,2229.57,255.61
2026-03-01,East,Search,817,50,4846.21,456.73
2026-03-01,East,Social,976,42,3415.4,401.34
2026-03-01,East,Email,470,48,4144.71,132.01
2026-03-01,East,Affiliate,610,48,4254.98,260.55
2026-03-01,South,Search,765,43,3716.55,451.16
2026-03-01,South,Social,886,42,3835.35,392.08
2026-03-01,South,Email,444,33,3141.07,134.76
2026-03-01,South,Affiliate,535,27,2605.23,240.01
2026-03-01,North,Search,640,30,2602.38,495.53
2026-03-01,North,Social,813,24,2155.51,386.81
2026-03-01,North,Email,356,32,2597.18,125.41
2026-03-01,North,Affiliate,530,38,3399.33,258.79
2026-03-01,West,Search,646,46,3937.15,491.61
2026-03-01,West,Social,716,14,1291.36,406.97
2026-03-01,West,Email,369,40,3638.33,126.76
2026-03-01,West,Affiliate,436,30,2988.24,257.71
2026-03-02,East,Search,701,42,4049.46,490.84
2026-03-02,East,Social,785,26,2198.86,406.48
2026-03-02,East,Email,443,34,3162.0,131.38
2026-03-02,East,Affiliate,494,29,2574.18,260.7
2026-03-02,South,Search,672,37,3383.26,451.57
2026-03-02,South,Social,761,33,2866.87,391.29
2026-03-02,South,Email,342,27,2357.21,130.79
2026-03-02,South,Affiliate,476,32,3138.69,238.73
2026-03-02,North,Search,569,36,2899.66,496.77
2026-03-02,North,Social,654,28,2595.06,419.23
2026-03-02,North,Email,326,30,2770.98,132.71
2026-03-02,North,Affiliate,403,20,1694.57,255.11
2026-03-02,West,Search,577,30,2902.3,471.56
2026-03-02,West,Social,620,38,3422.44,396.64
2026-03-02,West,Email,290,34,3491.62,126.47
2026-03-02,West,Affiliate,366,24,2141.04,242.78
2026-03-03,East,Search,723,46,4312.89,493.3
2026-03-03,East,Social,830,29,2999.6,387.2
2026-03-03,East,Email,409,43,3385.94,124.41
2026-03-03,East,Affiliate,515,35,3281.42,233.86
2026-03-03,South,Search,615,33,2896.72,468.05
2026-03-03,South,Social,681,25,2403.11,405.91
2026-03-03,South,Email,403,32,2977.33,129.59
2026-03-03,South,Affiliate,432,34,2836.3,250.37
2026-03-03,North,Search,596,41,4192.77,462.68
2026-03-03,North,Social,684,21,1997.54,399.27
2026-03-03,North,Email,315,26,2692.3,129.73
2026-03-03,North,Affiliate,453,26,2633.21,260.11
2026-03-03,West,Search,505,31,2924.66,473.98
2026-03-03,West,Social,625,25,2081.75,390.61
2026-03-03,West,Email,312,29,2448.64,124.33
2026-03-03,West,Affiliate,339,21,1787.99,252.53
2026-03-04,East,Search,684,41,3773.63,489.32
2026-03-04,East,Social,826,27,2213.93,384.79
2026-03-04,East,Email,354,32,3319.82,132.06
2026-03-04,East,Affiliate,521,32,3093.73,235.52
2026-03-04,South,Search,607,35,3330.69,497.83
2026-03-04,South,Social,741,25,2420.4,396.25
2026-03-04,South,Email,384,41,4012.93,122.23
2026-03-04,South,Affiliate,458,42,3268.83,233.1
2026-03-04,North,Search,547,30,2890.55,490.12
2026-03-04,North,Social,661,31,2905.85,405.28
2026-03-04,North,Email,355,34,2972.02,127.54
2026-03-04,North,Affiliate,409,28,2308.08,258.3
2026-03-04,West,Search,552,36,2852.33,443.67
2026-03-04,West,Social,669,30,2695.02,384.32
2026-03-04,West,Email,319,28,2553.3,134.8
2026-03-04,West,Affiliate,391,18,1631.31,249.78
2026-03-05,East,Search,742,45,4002.9,475.6
2026-03-05,East,Social,819,33,3220.48,396.04
2026-03-05,East,Email,410,32,2663.53,127.16
2026-03-05,East,Affiliate,514,32,2563.37,239.68
2026-03-05,South,Search,650,28,2912.64,462.11
2026-03-05,South,Social,704,31,2819.15,426.02
2026-03-05,South,Email,329,41,4364.18,122.98
2026-03-05,South,Affiliate,452,30,2514.21,259.48
2026-03-05,North,Search,627,42,3966.45,489.38
2026-03-05,North,Social,672,27,2658.36,392.18
2026-03-05,North,Email,318,29,2627.28,134.51
2026-03-05,North,Affiliate,434,29,2496.64,238.19
2026-03-05,West,Search,506,35,3296.99,497.67
2026-03-05,West,Social,577,32,3318.55,401.02
2026-03-05,West,Email,294,31,2788.8,135.45
2026-03-05,West,Affiliate,406,31,2698.61,251.5
2026-03-06,East,Search,688,41,3675.11,472.34
2026-03-06,East,Social,798,34,2939.5,415.0
2026-03-06,East,Email,393,36,3278.74,131.15
2026-03-06,East,Affiliate,505,35,3148.02,250.73
2026-03-06,South,Search,605,32,2930.0,501.24
2026-03-06,South,Social,750,23,1819.82,387.55
2026-03-06,South,Email,367,30,2910.53,135.96
2026-03-06,South,Affiliate,438,21,2158.41,249.21
2026-03-06,North,Search,563,33,2957.81,455.33
2026-03-06,North,Social,715,31,2439.52,422.58
2026-03-06,North,Email,321,31,3370.81,134.9
2026-03-06,North,Affiliate,424,28,2489.81,257.6
2026-03-06,West,Search,573,31,2798.14,487.25
2026-03-06,West,Social,597,29,2598.07,394.73
2026-03-06,West,Email,314,26,2030.58,121.73
2026-03-06,West,Affiliate,393,27,2456.92,256.76
2026-03-07,East,Search,734,48,3779.59,482.64
2026-03-07,East,Social,845,29,2841.9,426.97
2026-03-07,East,Email,400,33,3212.74,134.23
2026-03-07,East,Affiliate,516,38,3309.83,250.58
2026-03-07,South,Search,712,39,3296.71,455.86
2026-03-07,South,Social,746,33,2941.12,422.42
2026-03-07,South,Email,344,34,2898.35,131.46
2026-03-07,South,Affiliate,460,30,2642.31,252.08
2026-03-07,North,Search,616,35,3367.02,493.95
2026-03-07,North,Social,690,32,2961.02,382.66
2026-03-07,North,Email,344,33,3803.94,132.14
2026-03-07,North,Affiliate,424,26,2185.84,245.15
2026-03-07,West,Search,519,28,2764.8,451.59
2026-03-07,West,Social,579,24,2136.86,425.21
2026-03-07,West,Email,297,31,2852.25,127.69
2026-03-07,West,Affiliate,381,19,1568.22,260.94
2026-03-08,East,Search,733,39,3329.4,482.73
2026-03-08,East,Social,812,28,2709.7,407.63
2026-03-08,East,Email,392,41,3838.47,123.21
2026-03-08,East,Affiliate,474,39,3674.58,247.73
2026-03-08,South,Search,630,41,3813.9,474.18
2026-03-08,South,Social,733,17,1582.46,428.19
2026-03-08,South,Email,355,43,4303.36,129.15
2026-03-08,South,Affiliate,446,29,2753.46,262.85
2026-03-08,North,Search,613,37,3375.95,469.05
2026-03-08,North,Social,748,26,2117.22,405.06
2026-03-08,North,Email,310,38,3572.35,125.44
2026-03-08,North,Affiliate,396,19,1527.89,237.92
2026-03-08,West,Search,574,28,2470.67,486.99
2026-03-08,West,Social,602,16,1430.17,425.98
2026-03-08,West,Email,327,25,2038.93,133.85
2026-03-08,West,Affiliate,352,28,2559.03,256.94
2026-03-09,East,Search,763,61,5610.11,468.82
2026-03-09,East,Social,889,34,3030.25,417.32
2026-03-09,East,Email,408,34,2871.81,136.22
2026-03-09,East,Affiliate,496,36,2846.16,258.47
2026-03-09,South,Search,670,27,2428.41,458.25
2026-03-09,South,Social,730,33,3059.59,402.74
2026-03-09,South,Email,380,32,2603.43,122.14
2026-03-09,South,Affiliate,441,31,2479.15,249.42
2026-03-09,North,Search,597,41,3658.29,468.98
2026-03-09,North,Social,629,15,1176.1,424.17
2026-03-09,North,Email,296,26,2001.72,131.94
2026-03-09,North,Affiliate,402,22,1772.99,250.85
2026-03-09,West,Search,588,36,3514.42,452.08
2026-03-09,West,Social,628,31,2845.73,414.51
2026-03-09,West,Email,295,24,2076.58,134.18
2026-03-09,West,Affiliate,427,18,1586.04,262.71
2026-03-10,East,Search,699,37,2862.51,467.31
2026-03-10,East,Social,835,30,3578.2,422.64
2026-03-10,East,Email,431,40,3210.71,124.77
2026-03-10,East,Affiliate,556,45,3809.02,240.67
2026-03-10,South,Search,651,44,4296.24,462.28
2026-03-10,South,Social,754,33,2540.35,388.45
2026-03-10,South,Email,352,33,2807.73,135.67
2026-03-10,South,Affiliate,454,28,2539.54,238.54
2026-03-10,North,Search,558,35,3237.48,454.92
2026-03-10,North,Social,660,12,1201.34,419.47
2026-03-10,North,Email,344,25,2348.28,134.76
2026-03-10,North,Affiliate,429,24,2258.14,248.9
2026-03-10,West,Search,523,33,3028.99,484.25
2026-03-10,West,Social,654,29,2330.18,397.58
2026-03-10,West,Email,311,25,2525.27,133.02
2026-03-10,West,Affiliate,334,20,2099.36,257.39
2026-03-11,East,Search,752,38,3479.64,467.41
2026-03-11,East,Social,800,22,2026.45,401.72
2026-03-11,East,Email,428,47,4277.86,129.55
2026-03-11,East,Affiliate,491,29,2900.68,256.96
2026-03-11,South,Search,651,36,3236.98,487.01
2026-03-11,South,Social,724,33,3120.73,405.92
2026-03-11,South,Email,367,28,2472.09,129.34
2026-03-11,South,Affiliate,448,34,3208.94,262.89
2026-03-11,North,Search,584,36,2692.65,494.3
2026-03-11,North,Social,700,19,1847.22,387.11
2026-03-11,North,Email,357,42,3907.3,130.93
2026-03-11,North,Affiliate,436,29,2404.93,261.69
2026-03-11,West,Search,556,27,2328.75,475.39
2026-03-11,West,Social,629,25,2247.73,408.23
2026-03-11,West,Email,304,23,2069.34,132.78
2026-03-11,West,Affiliate,377,31,2888.84,254.7
2026-03-12,East,Search,715,50,4720.11,468.99
2026-03-12,East,Social,820,37,3081.5,403.92
2026-03-12,East,Email,412,48,4218.18,134.0
2026-03-12,East,Affiliate,560,50,4027.36,241.82
2026-03-12,South,Search,640,47,3691.47,447.36
2026-03-12,South,Social,698,30,3097.74,430.89
2026-03-12,South,Email,372,35,3389.8,136.31
2026-03-12,South,Affiliate,437,34,3144.43,235.2
2026-03-12,North,Search,581,36,2684.38,458.69
2026-03-12,North,Social,676,26,2623.28,384.09
2026-03-12,North,Email,322,19,1623.2,134.42
2026-03-12,North,Affiliate,418,19,1809.47,259.2
2026-03-12,West,Search,562,31,3058.71,501.98
2026-03-12,West,Social,610,31,2856.21,410.1
2026-03-12,West,Email,289,27,2609.52,126.13
2026-03-12,West,Affiliate,374,32,2760.86,240.64
2026-03-13,East,Search,745,47,3810.22,460.51
2026-03-13,East,Social,817,30,2613.44,406.58
2026-03-13,East,Email,434,38,3599.14,136.06
2026-03-13,East,Affiliate,516,30,2522.91,258.22
2026-03-13,South,Search,601,34,3856.89,486.76
2026-03-13,South,Social,747,32,2875.3,422.47
2026-03-13,South,Email,367,39,3352.33,125.62
2026-03-13,South,Affiliate,414,25,2365.56,236.4
2026-03-13,North,Search,600,42,3582.78,470.98
2026-03-13,North,Social,704,26,2235.31,404.97
2026-03-13,North,Email,344,35,3517.76,132.08
2026-03-13,North,Affiliate,409,30,3215.49,246.28
2026-03-13,West,Search,526,35,2535.44,490.58
2026-03-13,West,Social,641,21,2013.66,408.31
2026-03-13,West,Email,315,31,3339.45,135.14
2026-03-13,West,Affiliate,394,27,2428.28,242.41
2026-03-14,East,Search,684,37,3217.05,452.69
2026-03-14,East,Social,804,35,3422.02,408.01
2026-03-14,East,Email,363,32,2808.53,124.06
2026-03-14,East,Affiliate,434,35,3131.98,243.68
2026-03-14,South,Search,611,26,2453.47,473.73
2026-03-14,South,Social,789,31,2884.31,395.2
2026-03-14,South,Email,393,36,3323.72,122.63
2026-03-14,South,Affiliate,432,24,2398.55,254.52
2026-03-14,North,Search,586,25,2398.68,499.93
2026-03-14,North,Social,682,35,2852.79,403.54
2026-03-14,North,Email,307,28,2368.64,129.73
2026-03-14,North,Affiliate,418,36,3055.77,256.95
2026-03-14,West,Search,514,36,3182.29,447.81
2026-03-14,West,Social,629,17,1497.05,402.5
2026-03-14,West,Email,274,21,1734.83,134.18
2026-03-14,West,Affiliate,401,27,2499.37,264.24
2026-03-15,East,Search,872,43,3412.81,448.56
2026-03-15,East,Social,1013,37,2903.11,420.03
2026-03-15,East,Email,522,41,4630.62,136.27
2026-03-15,East,Affiliate,605,48,4551.28,252.11
2026-03-15,South,Search,737,35,3293.25,478.03
2026-03-15,South,Social,849,37,3559.5,405.79
2026-03-15,South,Email,429,40,3756.85,123.97
2026-03-15,South,Affiliate,574,31,2700.73,247.5
2026-03-15,North,Search,701,30,2748.1,484.92
2026-03-15,North,Social,815,33,3252.88,391.86
2026-03-15,North,Email,358,24,2196.29,128.08
2026-03-15,North,Affiliate,498,35,2852.09,253.31
2026-03-15,West,Search,630,43,4163.1,492.18
2026-03-15,West,Social,765,32,2271.63,408.82
2026-03-15,West,Email,367,27,2235.74,135.5
2026-03-15,West,Affiliate,437,29,2706.79,260.4
2026-03-16,East,Search,765,41,3483.17,493.61
2026-03-16,East,Social,822,33,2705.54,400.92
2026-03-16,East,Email,402,30,2821.36,129.75
2026-03-16,East,Affiliate,556,32,3288.04,258.13
2026-03-16,South,Search,674,35,2791.93,482.27
2026-03-16,South,Social,755,28,2429.74,407.89
2026-03-16,South,Email,361,40,3366.86,128.99
2026-03-16,South,Affiliate,472,28,2416.27,236.95
2026-03-16,North,Search,571,37,3050.78,500.32
2026-03-16,North,Social,730,31,2742.75,425.49
2026-03-16,North,Email,332,33,3051.42,126.5
2026-03-16,North,Affiliate,447,31,2917.8,238.56
2026-03-16,West,Search,534,30,2826.21,484.72
2026-03-16,West,Social,623,25,2368.75,402.01
2026-03-16,West,Email,302,24,2416.51,129.05
2026-03-16,West,Affiliate,365,25,2242.11,236.11
2026-03-17,East,Search,693,32,3084.73,454.37
2026-03-17,East,Social,904,34,3110.17,399.09
2026-03-17,East,Email,385,33,3273.65,127.97
2026-03-17,East,Affiliate,490,25,2703.74,237.72
2026-03-17,South,Search,687,35,3217.95,463.37
2026-03-17,South,Social,773,30,2498.75,384.71
2026-03-17,South,Email,372,29,3000.65,125.38
2026-03-17,South,Affiliate,472,28,2766.84,250.07
2026-03-17,North,Search,594,24,2153.1,468.93
2026-03-17,North,Social,666,32,2566.13,387.66
2026-03-17,North,Email,307,32,3074.46,125.49
2026-03-17,North,Affiliate,461,34,3143.11,261.26
2026-03-17,West,Search,556,29,2458.74,470.27
2026-03-17,West,Social,605,24,2283.93,415.35
2026-03-17,West,Email,287,23,2200.86,131.2
2026-03-17,West,Affiliate,373,25,2361.17,264.02
2026-03-18,East,Search,716,45,3921.84,459.65
2026-03-18,East,Social,762,34,2925.44,386.38
2026-03-18,East,Email,419,34,3422.91,137.43
2026-03-18,East,Affiliate,557,25,2406.73,238.44
2026-03-18,South,Search,643,39,3514.66,481.39
2026-03-18,South,Social,713,16,1459.0,393.24
2026-03-18,South,Email,389,31,2544.04,136.35
2026-03-18,South,Affiliate,481,25,2042.99,251.13
2026-03-18,North,Search,603,25,2273.94,457.67
2026-03-18,North,Social,675,23,2240.25,402.11
2026-03-18,North,Email,336,27,2812.35,136.75
2026-03-18,North,Affiliate,434,24,2577.9,242.0
2026-03-18,West,Search,556,37,3596.53,489.91
2026-03-18,West,Social,610,28,2216.21,422.34
2026-03-18,West,Email,298,28,2637.22,135.31
2026-03-18,West,Affiliate,328,27,2408.01,255.36
2026-03-19,East,Search,720,45,4072.56,455.43
2026-03-19,East,Social,789,34,2965.04,399.79
2026-03-19,East,Email,403,33,3084.1,124.47
2026-03-19,East,Affiliate,527,43,4581.48,245.94
2026-03-19,South,Search,685,44,3972.66,505.2
2026-03-19,South,Social,753,27,2627.25,399.56
2026-03-19,South,Email,345,27,2554.5,131.46
2026-03-19,South,Affiliate,446,34,3059.43,236.07
2026-03-19,North,Search,564,27,2063.56,468.49
2026-03-19,North,Social,690,25,2289.84,398.79
2026-03-19,North,Email,342,32,2632.09,123.93
2026-03-19,North,Affiliate,414,32,2905.2,264.81
2026-03-19,West,Search,552,33,3152.38,483.94
2026-03-19,West,Social,581,19,1516.9,406.79
2026-03-19,West,Email,316,29,2968.22,131.52
2026-03-19,West,Affiliate,384,26,2421.03,257.64
2026-03-20,East,Search,785,41,3788.75,505.02
2026-03-20,East,Social,798,31,3112.71,389.93
2026-03-20,East,Email,418,35,3266.54,138.24
2026-03-20,East,Affiliate,536,37,3485.9,252.87
2026-03-20,South,Search,670,34,2804.19,499.56
2026-03-20,South,Social,700,31,2999.99,397.9
2026-03-20,South,Email,336,36,3639.65,136.64
2026-03-20,South,Affiliate,467,41,3782.3,241.65
2026-03-20,North,Search,599,31,2986.43,497.85
2026-03-20,North,Social,665,20,1905.36,419.02
2026-03-20,North,Email,315,33,2920.07,137.73
2026-03-20,North,Affiliate,428,28,2631.09,241.76
2026-03-20,West,Search,552,32,3211.61,480.27
2026-03-20,West,Social,623,27,2199.64,416.03
2026-03-20,West,Email,304,23,1951.39,128.2
2026-03-20,West,Affiliate,409,28,2243.91,250.95
2026-03-21,East,Search,771,28,2188.14,457.45
2026-03-21,East,Social,836,32,3109.51,396.71
2026-03-21,East,Email,393,31,3377.08,133.0
2026-03-21,East,Affiliate,553,41,3638.32,237.69
2026-03-21,South,Search,655,39,3453.12,504.97
2026-03-21,South,Social,802,28,2351.51,410.86
2026-03-21,South,Email,382,37,3235.73,129.41
2026-03-21,South,Affiliate,449,40,3908.97,248.72
2026-03-21,North,Search,622,28,2662.32,500.87
2026-03-21,North,Social,660,20,1939.64,399.59
2026-03-21,North,Email,327,37,3371.1,124.93
2026-03-21,North,Affiliate,416,30,2611.72,240.72
2026-03-21,West,Search,536,32,2844.53,480.78
2026-03-21,West,Social,641,24,2192.95,426.95
2026-03-21,West,Email,280,20,1784.99,134.47
2026-03-21,West,Affiliate,389,40,3787.23,246.46
2026-03-22,East,Search,732,48,4718.63,496.18
2026-03-22,East,Social,816,36,3301.74,409.5
2026-03-22,East,Email,419,53,4787.47,127.51
2026-03-22,East,Affiliate,453,24,2194.85,260.76
2026-03-22,South,Search,596,31,2602.74,469.04
2026-03-22,South,Social,758,30,2704.05,420.38
2026-03-22,South,Email,358,41,3864.65,124.52
2026-03-22,South,Affiliate,465,27,2499.11,240.95
2026-03-22,North,Search,591,38,3046.43,490.13
2026-03-22,North,Social,671,27,2408.92,432.4
2026-03-22,North,Email,358,35,2856.26,129.18
2026-03-22,North,Affiliate,406,23,2126.38,239.43
2026-03-22,West,Search,546,39,3472.76,459.08
2026-03-22,West,Social,662,18,1699.85,395.45
2026-03-22,West,Email,282,26,2460.47,132.79
2026-03-22,West,Affiliate,387,22,2143.23,253.75
2026-03-23,East,Search,768,41,4208.7,472.65
2026-03-23,East,Social,836,30,2414.56,387.14
2026-03-23,East,Email,374,34,2999.75,129.46
2026-03-23,East,Affiliate,494,37,3014.27,242.2
2026-03-23,South,Search,662,42,4040.78,454.28
2026-03-23,South,Social,742,39,3973.85,404.22
2026-03-23,South,Email,340,24,2227.22,137.19
2026-03-23,South,Affiliate,440,23,2428.13,248.57
2026-03-23,North,Search,589,28,2376.4,455.86
2026-03-23,North,Social,686,27,2899.25,387.9
2026-03-23,North,Email,355,40,3305.3,125.1
2026-03-23,North,Affiliate,415,37,3110.56,240.19
2026-03-23,West,Search,506,27,2404.11,469.94
2026-03-23,West,Social,610,18,1600.97,431.72
2026-03-23,West,Email,305,34,3243.86,133.69
2026-03-23,West,Affiliate,373,19,1585.11,257.75
2026-03-24,East,Search,741,41,3733.21,471.89
2026-03-24,East,Social,842,28,2506.24,429.38
2026-03-24,East,Email,394,25,2228.48,128.94
2026-03-24,East,Affiliate,541,33,3221.19,238.11
2026-03-24,South,Search,628,43,3512.32,501.52
2026-03-24,South,Social,703,25,2326.48,432.33
2026-03-24,South,Email,382,39,4010.21,133.56
2026-03-24,South,Affiliate,455,21,1764.98,250.32
2026-03-24,North,Search,643,31,2750.82,458.75
2026-03-24,North,Social,662,21,1891.53,403.06
2026-03-24,North,Email,329,34,3122.02,131.13
2026-03-24,North,Affiliate,430,33,3151.95,239.77
2026-03-24,West,Search,501,22,2236.72,500.53
2026-03-24,West,Social,613,21,1837.9,402.28
2026-03-24,West,Email,291,26,2422.86,123.27
2026-03-24,West,Affiliate,377,28,2811.74,253.21
2026-03-25,East,Search,729,40,3413.73,504.74
2026-03-25,East,Social,831,27,2615.3,432.58
2026-03-25,East,Email,462,39,3547.59,135.12
2026-03-25,East,Affiliate,543,24,2485.71,255.39
2026-03-25,South,Search,644,36,3411.63,502.52
2026-03-25,South,Social,701,33,2885.36,414.62
2026-03-25,South,Email,378,40,4075.8,138.08
2026-03-25,South,Affiliate,428,34,3376.13,262.82
2026-03-25,North,Search,609,37,3284.01,472.65
2026-03-25,North,Social,653,26,2319.54,396.55
2026-03-25,North,Email,318,30,3219.22,134.46
2026-03-25,North,Affiliate,443,36,3499.58,258.73
2026-03-25,West,Search,546,34,2684.71,460.1
2026-03-25,West,Social,634,24,2214.8,387.92
2026-03-25,West,Email,304,37,2729.29,132.17
2026-03-25,West,Affiliate,370,31,2667.69,249.9
2026-03-26,East,Search,738,49,4237.96,475.41
2026-03-26,East,Social,847,35,3169.15,413.1
2026-03-26,East,Email,388,35,2501.31,124.15
2026-03-26,East,Affiliate,526,29,2578.87,252.47
2026-03-26,South,Search,645,29,2972.01,457.39
2026-03-26,South,Social,703,24,2478.06,425.82
2026-03-26,South,Email,367,36,3227.9,138.09
2026-03-26,South,Affiliate,456,34,2461.37,257.8
2026-03-26,North,Search,622,30,2739.63,484.09
2026-03-26,North,Social,661,14,1307.54,413.87
2026-03-26,North,Email,343,33,3312.49,123.52
2026-03-26,North,Affiliate,416,28,2750.14,253.43
2026-03-26,West,Search,598,22,1911.6,459.88
2026-03-26,West,Social,665,31,2837.85,432.82
2026-03-26,West,Email,305,23,1828.72,135.65
2026-03-26,West,Affiliate,393,27,2636.17,258.98
2026-03-27,East,Search,668,46,4287.01,463.05
2026-03-27,East,Social,751,38,3657.24,392.88
2026-03-27,East,Email,424,33,3357.69,130.17
2026-03-27,East,Affiliate,513,41,4012.93,252.82
2026-03-27,South,Search,634,34,3339.32,479.73
2026-03-27,South,Social,759,32,3463.1,397.29
2026-03-27,South,Email,356,23,2298.35,133.43
2026-03-27,South,Affiliate,473,35,3580.62,242.13
2026-03-27,North,Search,604,40,3225.35,464.76
2026-03-27,North,Social,665,25,2432.35,392.36
2026-03-27,North,Email,329,27,2484.84,135.82
2026-03-27,North,Affiliate,432,26,2290.55,237.96
2026-03-27,West,Search,562,25,2250.85,487.26
2026-03-27,West,Social,627,20,1770.69,395.14
2026-03-27,West,Email,330,27,2612.63,135.76
2026-03-27,West,Affiliate,399,29,2661.28,241.58
2026-03-28,East,Search,737,43,3877.45,490.64
2026-03-28,East,Social,884,39,3501.15,414.73
2026-03-28,East,Email,412,39,3407.9,124.43
2026-03-28,East,Affiliate,531,51,5007.62,263.31
2026-03-28,South,Search,639,43,3859.79,460.35
2026-03-28,South,Social,722,27,2318.38,433.76
2026-03-28,South,Email,387,35,3770.97,124.98
2026-03-28,South,Affiliate,431,21,1935.38,236.1
2026-03-28,North,Search,575,38,3505.63,501.69
2026-03-28,North,Social,691,25,2336.8,395.74
2026-03-28,North,Email,364,26,2244.08,125.55
2026-03-28,North,Affiliate,427,32,2412.06,253.04
2026-03-28,West,Search,551,30,2668.06,482.2
2026-03-28,West,Social,622,23,2062.8,402.09
2026-03-28,West,Email,341,33,2886.69,125.22
2026-03-28,West,Affiliate,412,27,2435.27,257.15
2026-03-29,East,Search,779,39,3095.85,464.32
2026-03-29,East,Social,793,35,3646.78,394.18
2026-03-29,East,Email,421,40,3894.93,134.84
2026-03-29,East,Affiliate,516,43,4151.36,238.82
2026-03-29,South,Search,632,34,2725.3,504.94
2026-03-29,South,Social,764,35,2755.51,425.26
2026-03-29,South,Email,362,31,2168.37,130.15
2026-03-29,South,Affiliate,463,36,2683.71,252.05
2026-03-29,North,Search,590,28,2594.12,466.83
2026-03-29,North,Social,680,22,2240.87,398.3
2026-03-29,North,Email,365,28,2094.74,125.6
2026-03-29,North,Affiliate,431,31,2487.35,246.07
2026-03-29,West,Search,514,29,2719.37,459.49
2026-03-29,West,Social,601,18,1947.41,434.6
2026-03-29,West,Email,274,26,2578.95,130.77
2026-03-29,West,Affiliate,411,18,1363.81,239.73
2026-03-30,East,Search,738,32,3514.16,489.31
2026-03-30,East,Social,822,26,2102.5,424.24
2026-03-30,East,Email,429,38,3650.9,128.88
2026-03-30,East,Affiliate,503,32,2492.39,262.49
2026-03-30,South,Search,656,33,3216.0,478.11
2026-03-30,South,Social,737,26,2578.02,416.51
2026-03-30,South,Email,387,36,3192.16,134.21
2026-03-30,South,Affiliate,488,28,2426.84,241.08
2026-03-30,North,Search,598,34,3440.39,478.95
2026-03-30,North,Social,670,32,2721.03,399.76
2026-03-30,North,Email,351,26,2411.8,129.6
2026-03-30,North,Affiliate,395,22,2025.34,246.02
2026-03-30,West,Search,574,39,3503.86,464.91
2026-03-30,West,Social,640,31,3044.47,417.46
2026-03-30,West,Email,283,29,1882.79,130.51
2026-03-30,West,Affiliate,398,30,2594.38,246.09
2026-03-31,East,Search,711,41,4153.03,461.99
2026-03-31,East,Social,818,29,2530.67,394.56
2026-03-31,East,Email,418,29,2166.48,131.59
2026-03-31,East,Affiliate,533,30,2979.1,246.93
2026-03-31,South,Search,641,34,2745.03,495.82
2026-03-31,South,Social,707,29,2560.89,394.71
2026-03-31,South,Email,387,34,3322.77,138.16
2026-03-31,South,Affiliate,470,27,2500.94,244.14
2026-03-31,North,Search,573,29,2864.93,462.78
2026-03-31,North,Social,714,24,2075.43,409.9
2026-03-31,North,Email,337,40,4322.72,125.52
2026-03-31,North,Affiliate,429,24,2005.3,249.89
2026-03-31,West,Search,563,28,2308.72,464.66
2026-03-31,West,Social,644,30,2597.46,399.57
2026-03-31,West,Email,359,30,2987.66,135.28
2026-03-31,West,Affiliate,398,23,2397.08,256.66
2026-04-01,East,Search,845,47,5171.18,450.41
2026-04-01,East,Social,969,32,2815.4,433.98
2026-04-01,East,Email,472,40,3622.36,132.83
2026-04-01,East,Affiliate,613,36,3465.94,242.64
2026-04-01,South,Search,798,36,3786.29,483.53
2026-04-01,South,Social,899,47,4395.4,405.81
2026-04-01,South,Email,436,39,3150.21,136.0
2026-04-01,South,Affiliate,532,45,4051.75,249.56
2026-04-01,North,Search,714,39,3295.14,494.91
2026-04-01,North,Social,780,24,2022.74,401.19
2026-04-01,North,Email,394,38,3850.8,134.08
2026-04-01,North,Affiliate,484,31,2494.81,247.9
2026-04-01,West,Search,632,50,4898.28,470.76
2026-04-01,West,Social,730,22,1801.84,425.35
2026-04-01,West,Email,351,29,2255.83,138.55
2026-04-01,West,Affiliate,484,27,2613.5,258.45
2026-04-02,East,Search,683,30,2926.82,462.44
2026-04-02,East,Social,811,35,2663.79,406.99
2026-04-02,East,Email,433,40,3508.05,131.68
2026-04-02,East,Affiliate,526,23,2085.5,253.18
2026-04-02,South,Search,651,40,3672.99,455.49
2026-04-02,South,Social,733,37,3500.96,411.08
2026-04-02,South,Email,337,31,2675.94,136.43
2026-04-02,South,Affiliate,428,25,2682.56,242.33
2026-04-02,North,Search,598,44,4531.86,454.03
2026-04-02,North,Social,701,27,2305.94,402.31
2026-04-02,North,Email,328,27,2275.57,132.06
2026-04-02,North,Affiliate,409,24,1978.6,240.99
2026-04-02,West,Search,534,31,3352.29,460.89
2026-04-02,West,Social,608,25,2256.49,389.85
2026-04-02,West,Email,310,25,2493.9,125.38
2026-04-02,West,Affiliate,409,31,2544.71,236.58
2026-04-03,East,Search,752,42,3970.4,470.76
2026-04-03,East,Social,804,33,3154.6,410.95
2026-04-03,East,Email,396,34,2905.45,124.74
2026-04-03,East,Affiliate,520,35,3078.07,242.65
2026-04-03,South,Search,692,42,3004.67,460.79
2026-04-03,South,Social,747,27,2124.03,427.98
2026-04-03,South,Email,368,35,3273.11,126.39
2026-04-03,South,Affiliate,430,26,2312.78,259.74
2026-04-03,North,Search,588,36,3214.27,476.81
2026-04-03,North,Social,690,29,2071.54,410.81
2026-04-03,North,Email,313,29,2744.07,136.77
2026-04-03,North,Affiliate,469,36,2932.73,241.13
2026-04-03,West,Search,580,32,2957.6,475.95
2026-04-03,West,Social,644,28,2090.41,422.1
2026-04-03,West,Email,312,26,2272.54,130.06
2026-04-03,West,Affiliate,368,31,3588.75,240.89
2026-04-04,East,Search,771,47,5006.64,474.92
2026-04-04,East,Social,805,28,2686.24,421.93
2026-04-04,East,Email,417,41,3946.55,135.53
2026-04-04,East,Affiliate,531,32,3627.44,252.94
2026-04-04,South,Search,640,33,2650.3,496.56
2026-04-04,South,Social,702,26,2634.57,420.5
2026-04-04,South,Email,339,44,3728.48,126.87
2026-04-04,South,Affiliate,472,34,3459.68,263.19
2026-04-04,North,Search,575,36,3125.81,489.49
2026-04-04,North,Social,663,26,2508.84,399.76
2026-04-04,North,Email,333,32,2450.57,131.36
2026-04-04,North,Affiliate,414,22,1993.12,240.76
2026-04-04,West,Search,539,32,2603.12,465.72
2026-04-04,West,Social,637,24,2509.91,388.77
2026-04-04,West,Email,291,36,3263.79,137.97
2026-04-04,West,Affiliate,379,29,2367.62,262.49
2026-04-05,East,Search,768,39,3307.3,469.5
2026-04-05,East,Social,850,28,2724.69,394.74
2026-04-05,East,Email,419,31,2744.65,126.26
2026-04-05,East,Affiliate,490,40,3718.17,245.98
2026-04-05,South,Search,706,40,3927.82,454.75
2026-04-05,South,Social,741,28,2484.76,425.8
2026-04-05,South,Email,380,35,3473.53,133.93
2026-04-05,South,Affiliate,441,25,2266.58,250.55
2026-04-05,North,Search,557,38,3213.12,465.66
2026-04-05,North,Social,654,26,2476.92,421.53
2026-04-05,North,Email,348,25,2187.71,135.55
2026-04-05,North,Affiliate,439,31,2760.05,242.91
2026-04-05,West,Search,518,42,3931.34,470.17
2026-04-05,West,Social,616,20,1720.32,423.31
2026-04-05,West,Email,312,28,2645.33,136.31
2026-04-05,West,Affiliate,389,23,2254.89,240.55
2026-04-06,East,Search,740,35,3630.51,453.47
2026-04-06,East,Social,790,28,2985.48,415.49
2026-04-06,East,Email,445,43,4286.28,135.42
2026-04-06,East,Affiliate,494,31,2759.96,238.39
2026-04-06,South,Search,640,37,2943.42,493.11
2026-04-06,South,Social,749,22,1790.8,406.9
2026-04-06,South,Email,378,34,3197.7,127.51
2026-04-06,South,Affiliate,463,36,2698.52,253.03
2026-04-06,North,Search,576,32,2741.53,477.8
2026-04-06,North,Social,677,32,2812.71,395.38
2026-04-06,North,Email,317,27,2688.6,131.59
2026-04-06,North,Affiliate,427,33,2971.84,240.34
2026-04-06,West,Search,552,27,2770.81,453.28
2026-04-06,West,Social,629,35,3158.7,413.06
2026-04-06,West,Email,305,27,2335.81,125.81
2026-04-06,West,Affiliate,395,33,2615.54,237.35
2026-04-07,East,Search,785,55,5677.86,468.44
2026-04-07,East,Social,762,31,2903.51,406.25
2026-04-07,East,Email,393,50,4372.61,128.84
2026-04-07,East,Affiliate,512,22,2258.39,244.01
2026-04-07,South,Search,653,31,2649.5,504.16
2026-04-07,South,Social,749,26,2613.5,405.14
2026-04-07,South,Email,372,33,3229.95,137.01
2026-04-07,South,Affiliate,441,24,2692.52,262.32
2026-04-07,North,Search,578,28,2326.8,478.05
2026-04-07,North,Social,755,31,3158.23,386.14
2026-04-07,North,Email,351,32,3116.33,123.84
2026-04-07,North,Affiliate,476,26,2299.04,263.5
2026-04-07,West,Search,553,31,2849.42,480.31
2026-04-07,West,Social,645,21,1825.91,407.7
2026-04-07,West,Email,297,40,4000.46,138.06
2026-04-07,West,Affiliate,378,26,2472.25,258.17
2026-04-08,East,Search,729,48,4723.45,473.9
2026-04-08,East,Social,796,24,2281.67,406.13
2026-04-08,East,Email,394,33,3284.14,136.71
2026-04-08,East,Affiliate,542,37,3124.88,237.93
2026-04-08,South,Search,647,35,3548.14,470.67
2026-04-08,South,Social,743,30,2504.31,406.33
2026-04-08,South,Email,387,40,3944.32,131.87
2026-04-08,South,Affiliate,455,35,3537.24,260.55
2026-04-08,North,Search,595,44,3937.58,467.72
2026-04-08,North,Social,630,31,2513.9,391.63
2026-04-08,North,Email,333,38,3672.2,128.22
2026-04-08,North,Affiliate,436,29,2591.22,257.91
2026-04-08,West,Search,539,27,2342.62,475.85
2026-04-08,West,Social,641,26,2221.98,424.51
2026-04-08,West,Email,272,19,1649.92,128.14
2026-04-08,West,Affiliate,365,16,1378.66,264.5
2026-04-09,East,Search,727,48,3950.43,486.31
2026-04-09,East,Social,846,36,3060.48,416.69
2026-04-09,East,Email,432,56,5272.01,129.34
2026-04-09,East,Affiliate,519,35,3267.12,237.29
2026-04-09,South,Search,683,47,3934.96,476.82
2026-04-09,South,Social,718,31,2701.37,430.76
2026-04-09,South,Email,346,28,2355.26,125.71
2026-04-09,South,Affiliate,466,30,2800.33,263.3
2026-04-09,North,Search,636,38,4000.88,481.91
2026-04-09,North,Social,659,25,2589.94,419.9
2026-04-09,North,Email,328,35,3071.21,126.88
2026-04-09,North,Affiliate,459,23,1714.89,260.15
2026-04-09,West,Search,512,30,2474.52,504.44
2026-04-09,West,Social,600,29,2750.51,402.34
2026-04-09,West,Email,310,35,2515.98,130.57
2026-04-09,West,Affiliate,364,21,1805.86,251.51
2026-04-10,East,Search,732,43,4055.07,495.44
2026-04-10,East,Social,839,35,3086.72,409.16
2026-04-10,East,Email,400,32,2889.27,137.51
2026-04-10,East,Affiliate,532,38,3172.04,240.69
2026-04-10,South,Search,627,41,4336.12,488.27
2026-04-10,South,Social,677,35,3723.89,427.61
2026-04-10,South,Email,331,24,2281.75,124.7
2026-04-10,South,Affiliate,477,40,3454.28,251.79
2026-04-10,North,Search,592,27,2643.76,460.71
2026-04-10,North,Social,693,36,3335.79,416.31
2026-04-10,North,Email,327,20,1802.27,132.79
2026-04-10,North,Affiliate,438,32,2467.69,257.86
2026-04-10,West,Search,503,33,2887.08,473.32
2026-04-10,West,Social,629,28,2249.78,430.17
2026-04-10,West,Email,268,19,1620.68,134.21
2026-04-10,West,Affiliate,369,26,2727.16,260.81
2026-04-11,East,Search,689,47,4687.8,470.9
2026-04-11,East,Social,825,34,3249.03,401.41
2026-04-11,East,Email,391,31,3156.04,123.82
2026-04-11,East,Affiliate,512,34,3472.23,246.36
2026-04-11,South,Search,614,33,2657.8,492.3
2026-04-11,South,Social,720,31,2647.4,403.32
2026-04-11,South,Email,348,34,3298.54,129.05
2026-04-11,South,Affiliate,467,21,1923.07,242.75
2026-04-11,North,Search,587,31,2925.92,469.68
2026-04-11,North,Social,689,29,2926.76,431.1
2026-04-11,North,Email,329,30,2610.24,135.7
2026-04-11,North,Affiliate,450,21,2048.71,254.22
2026-04-11,West,Search,535,27,2285.08,501.56
2026-04-11,West,Social,616,24,1810.42,429.83
2026-04-11,West,Email,300,21,1753.01,138.65
2026-04-11,West,Affiliate,363,18,1501.7,236.42
2026-04-12,East,Search,732,41,3533.16,500.05
2026-04-12,East,Social,809,29,2746.05,431.66
2026-04-12,East,Email,404,25,2492.32,130.19
2026-04-12,East,Affiliate,523,38,3770.58,263.05
2026-04-12,South,Search,625,39,3783.34,465.28
2026-04-12,South,Social,701,29,2466.37,428.85
2026-04-12,South,Email,385,32,2350.41,134.02
2026-04-12,South,Affiliate,499,35,3675.27,262.02
2026-04-12,North,Search,585,27,2840.36,472.58
2026-04-12,North,Social,675,24,2207.22,425.77
2026-04-12,North,Email,363,33,2987.12,127.97
2026-04-12,North,Affiliate,444,35,3162.46,252.32
2026-04-12,West,Search,528,42,3909.2,493.63
2026-04-12,West,Social,591,21,2055.69,408.73
2026-04-12,West,Email,351,40,3110.96,133.88
2026-04-12,West,Affiliate,413,19,1882.23,238.25
2026-04-13,East,Search,686,51,4830.63,449.98
2026-04-13,East,Social,823,31,2756.33,418.57
2026-04-13,East,Email,419,36,3972.65,127.57
2026-04-13,East,Affiliate,496,25,2189.36,255.81
2026-04-13,South,Search,604,35,3117.42,469.44
2026-04-13,South,Social,770,26,2492.97,426.12
2026-04-13,South,Email,347,29,2618.53,127.28
2026-04-13,South,Affiliate,443,24,2108.25,257.35
2026-04-13,North,Search,612,38,3812.78,449.09
2026-04-13,North,Social,636,24,2173.38,421.9
2026-04-13,North,Email,330,35,2894.47,124.58
2026-04-13,North,Affiliate,431,37,3447.88,258.84
2026-04-13,West,Search,526,25,2278.87,490.16
2026-04-13,West,Social,597,27,2514.68,385.01
2026-04-13,West,Email,302,13,1270.55,124.77
2026-04-13,West,Affiliate,367,34,2769.92,253.31
2026-04-14,East,Search,729,39,3174.94,452.83
2026-04-14,East,Social,813,33,3231.58,413.35
2026-04-14,East,Email,434,38,3229.06,133.95
2026-04-14,East,Affiliate,476,27,2662.4,250.78
2026-04-14,South,Search,620,39,3465.66,454.33
2026-04-14,South,Social,730,27,2057.72,388.08
2026-04-14,South,Email,338,26,2277.88,126.09
2026-04-14,South,Affiliate,459,30,2909.0,254.58
2026-04-14,North,Search,637,41,3446.38,484.39
2026-04-14,North,Social,680,29,2650.54,395.77
2026-04-14,North,Email,339,37,2867.96,132.2
2026-04-14,North,Affiliate,438,25,2238.13,247.94
2026-04-14,West,Search,551,34,3406.52,480.31
2026-04-14,West,Social,602,30,2661.3,390.64
2026-04-14,West,Email,317,28,2466.36,135.83
2026-04-14,West,Affiliate,381,25,2201.49,240.98
2026-04-15,East,Search,809,49,4714.19,452.54
2026-04-15,East,Social,930,32,3180.05,388.99
2026-04-15,East,Email,511,46,4039.67,130.8
2026-04-15,East,Affiliate,593,30,2708.95,262.61
2026-04-15,South,Search,744,31,2927.3,462.38
2026-04-15,South,Social,891,27,2420.47,416.88
2026-04-15,South,Email,431,44,4419.41,130.28
2026-04-15,South,Affiliate,549,30,3011.48,252.25
2026-04-15,North,Search,733,50,4770.37,501.4
2026-04-15,North,Social,869,29,2649.0,409.43
2026-04-15,North,Email,407,39,3535.54,125.43
2026-04-15,North,Affiliate,505,42,3708.58,243.52
2026-04-15,West,Search,648,32,3125.63,488.71
2026-04-15,West,Social,765,29,2355.06,416.1
2026-04-15,West,Email,339,33,2874.66,138.49
2026-04-15,West,Affiliate,449,26,2398.36,236.99
2026-04-16,East,Search,680,37,3397.43,448.83
2026-04-16,East,Social,838,25,2212.96,395.85
2026-04-16,East,Email,380,38,3956.39,126.48
2026-04-16,East,Affiliate,509,29,3062.44,262.36
2026-04-16,South,Search,644,44,4331.72,468.41
2026-04-16,South,Social,753,29,2410.96,408.86
2026-04-16,South,Email,403,23,2349.26,135.62
2026-04-16,South,Affiliate,465,40,3701.66,247.78
2026-04-16,North,Search,563,27,2204.99,477.3
2026-04-16,North,Social,685,20,1854.21,397.18
2026-04-16,North,Email,340,26,2319.21,130.58
2026-04-16,North,Affiliate,417,32,2760.34,241.34
2026-04-16,West,Search,511,30,2603.47,479.23
2026-04-16,West,Social,612,16,1474.87,396.21
2026-04-16,West,Email,298,32,2683.33,130.31
2026-04-16,West,Affiliate,406,20,1637.28,250.98
2026-04-17,East,Search,702,36,3519.87,461.46
2026-04-17,East,Social,871,33,2895.89,401.3
2026-04-17,East,Email,368,36,3885.33,132.26
2026-04-17,East,Affiliate,526,38,3679.11,237.71
2026-04-17,South,Search,656,37,3603.16,449.42
2026-04-17,South,Social,778,34,3171.97,423.79
2026-04-17,South,Email,368,31,3169.22,126.48
2026-04-17,South,Affiliate,459,33,2777.5,249.41
2026-04-17,North,Search,568,32,3057.03,475.21
2026-04-17,North,Social,650,31,2618.13,410.72
2026-04-17,North,Email,316,24,2042.74,129.32
2026-04-17,North,Affiliate,420,37,3570.03,244.15
2026-04-17,West,Search,551,30,2639.12,450.34
2026-04-17,West,Social,628,27,2266.74,398.64
2026-04-17,West,Email,301,30,2536.07,132.48
2026-04-17,West,Affiliate,433,28,2620.99,243.82
2026-04-18,East,Search,718,32,2579.76,482.88
2026-04-18,East,Social,823,37,3259.34,409.84
2026-04-18,East,Email,398,41,4274.62,136.66
2026-04-18,East,Affiliate,502,35,3065.09,236.94
2026-04-18,South,Search,621,25,2201.79,500.36
2026-04-18,South,Social,792,34,3113.47,398.24
2026-04-18,South,Email,376,34,3030.55,135.96
2026-04-18,South,Affiliate,462,34,3048.78,251.86
2026-04-18,North,Search,626,28,2438.36,478.69
2026-04-18,North,Social,663,29,2762.05,426.97
2026-04-18,North,Email,346,32,2383.12,126.4
2026-04-18,North,Affiliate,423,30,2330.19,263.2
2026-04-18,West,Search,581,33,2978.41,492.2
2026-04-18,West,Social,686,28,2664.6,409.12
2026-04-18,West,Email,314,35,3270.55,132.01
2026-04-18,West,Affiliate,404,28,2768.15,235.67
2026-04-19,East,Search,724,48,4221.66,462.29
2026-04-19,East,Social,801,24,2368.21,394.96
2026-04-19,East,Email,381,34,3524.61,131.81
2026-04-19,East,Affiliate,519,34,2803.85,237.65
2026-04-19,South,Search,722,47,4002.14,500.7
2026-04-19,South,Social,768,37,3300.04,428.9
2026-04-19,South,Email,391,28,2642.42,130.96
2026-04-19,South,Affiliate,479,37,3832.38,257.77
2026-04-19,North,Search,586,46,3997.57,484.35
2026-04-19,North,Social,691,25,2233.63,431.03
2026-04-19,North,Email,318,37,2964.16,137.3
2026-04-19,North,Affiliate,396,28,2138.59,255.73
2026-04-19,West,Search,518,29,1971.27,502.8
2026-04-19,West,Social,560,30,2846.87,395.41
2026-04-19,West,Email,320,32,2747.1,124.54
2026-04-19,West,Affiliate,372,28,2495.73,253.95
2026-04-20,East,Search,724,44,3641.72,452.74
2026-04-20,East,Social,849,33,3111.15,419.4
2026-04-20,East,Email,406,27,2476.72,136.01
2026-04-20,East,Affiliate,535,35,3198.92,237.34
2026-04-20,South,Search,698,46,4773.71,482.08
2026-04-20,South,Social,739,15,1246.57,403.08
2026-04-20,South,Email,385,27,2374.75,137.98
2026-04-20,South,Affiliate,479,31,2567.94,255.24
2026-04-20,North,Search,617,47,4745.96,455.92
2026-04-20,North,Social,725,33,2941.92,407.35
2026-04-20,North,Email,336,30,2982.05,134.43
2026-04-20,North,Affiliate,435,31,2639.96,243.41
2026-04-20,West,Search,532,35,2823.26,461.15
2026-04-20,West,Social,606,33,2850.02,400.83
2026-04-20,West,Email,330,29,2709.57,131.78
2026-04-20,West,Affiliate,360,33,2373.55,260.4
2026-04-21,East,Search,693,42,3213.81,463.09
2026-04-21,East,Social,842,29,2979.19,394.05
2026-04-21,East,Email,396,34,3079.21,128.54
2026-04-21,East,Affiliate,512,27,2476.02,249.96
2026-04-21,South,Search,667,34,3257.1,453.93
2026-04-21,South,Social,736,26,2397.12,408.06
2026-04-21,South,Email,376,42,3335.14,134.92
2026-04-21,South,Affiliate,490,39,4165.72,250.02
2026-04-21,North,Search,565,30,2595.23,471.54
2026-04-21,North,Social,698,17,1812.27,395.67
2026-04-21,North,Email,333,33,2652.02,136.56
2026-04-21,North,Affiliate,398,34,2788.54,261.89
2026-04-21,West,Search,532,28,2570.6,503.96
2026-04-21,West,Social,638,23,2043.65,407.46
2026-04-21,West,Email,310,29,2965.96,131.88
2026-04-21,West,Affiliate,387,32,2679.83,255.19
2026-04-22,East,Search,713,42,4121.1,452.13
2026-04-22,East,Social,851,28,2383.57,407.2
2026-04-22,East,Email,407,30,2692.36,126.09
2026-04-22,East,Affiliate,559,34,2921.46,245.73
2026-04-22,South,Search,603,29,2706.95,479.49
2026-04-22,South,Social,731,20,1789.92,392.02
2026-04-22,South,Email,351,33,2950.39,127.64
2026-04-22,South,Affiliate,467,35,3097.11,242.45
2026-04-22,North,Search,625,38,3377.86,482.12
2026-04-22,North,Social,671,25,2194.98,391.08
2026-04-22,North,Email,392,31,3091.35,130.33
2026-04-22,North,Affiliate,438,28,2194.37,263.25
2026-04-22,West,Search,558,33,3060.37,479.84
2026-04-22,West,Social,633,27,2725.58,390.08
2026-04-22,West,Email,304,29,2121.38,135.52
2026-04-22,West,Affiliate,386,26,2108.78,262.0
2026-04-23,East,Search,742,43,3482.39,491.94
2026-04-23,East,Social,836,35,3235.04,419.46
2026-04-23,East,Email,393,38,3593.87,128.27
2026-04-23,East,Affiliate,536,35,3186.76,249.61
2026-04-23,South,Search,673,42,3537.03,473.48
2026-04-23,South,Social,762,24,2017.08,419.21
2026-04-23,South,Email,386,28,2352.59,132.06
2026-04-23,South,Affiliate,446,34,3625.33,240.79
2026-04-23,North,Search,605,31,2651.03,455.32
2026-04-23,North,Social,629,25,2207.89,423.84
2026-04-23,North,Email,351,30,2610.57,133.2
2026-04-23,North,Affiliate,381,22,2021.48,240.35
2026-04-23,West,Search,574,22,2039.78,495.55
2026-04-23,West,Social,645,24,2083.75,395.48
2026-04-23,West,Email,316,31,3256.54,136.59
2026-04-23,West,Affiliate,384,30,2756.29,239.96
2026-04-24,East,Search,735,31,2792.19,456.97
2026-04-24,East,Social,833,36,3421.6,386.3
2026-04-24,East,Email,385,35,3224.7,126.13
2026-04-24,East,Affiliate,496,27,2257.83,254.5
2026-04-24,South,Search,636,43,3819.63,500.69
2026-04-24,South,Social,756,30,2438.04,390.95
2026-04-24,South,Email,382,37,3732.43,127.63
2026-04-24,South,Affiliate,469,27,2229.24,241.96
2026-04-24,North,Search,569,22,2037.71,493.35
2026-04-24,North,Social,666,27,2435.3,388.15
2026-04-24,North,Email,349,31,2576.17,132.99
2026-04-24,North,Affiliate,364,18,1586.15,241.64
2026-04-24,West,Search,502,22,1916.82,460.18
2026-04-24,West,Social,640,22,1837.34,413.43
2026-04-24,West,Email,308,38,3587.14,126.58
2026-04-24,West,Affiliate,381,26,2088.39,262.22
2026-04-25,East,Search,698,47,4125.64,464.86
2026-04-25,East,Social,808,29,2152.54,417.57
2026-04-25,East,Email,440,40,3611.57,128.74
2026-04-25,East,Affiliate,524,45,4429.57,244.16
2026-04-25,South,Search,622,41,3683.0,489.4
2026-04-25,South,Social,674,26,2215.54,393.55
2026-04-25,South,Email,359,31,2710.28,128.96
2026-04-25,South,Affiliate,451,32,2688.74,246.15
2026-04-25,North,Search,589,32,3042.79,499.52
2026-04-25,North,Social,642,29,2648.58,391.85
2026-04-25,North,Email,332,32,2883.44,127.26
2026-04-25,North,Affiliate,425,23,2141.51,237.99
2026-04-25,West,Search,519,32,3016.47,473.98
2026-04-25,West,Social,644,27,2122.15,409.16
2026-04-25,West,Email,288,24,2394.87,129.88
2026-04-25,West,Affiliate,414,26,2748.47,245.72
2026-04-26,East,Search,749,47,4860.78,453.43
2026-04-26,East,Social,787,29,2885.69,414.63
2026-04-26,East,Email,398,31,3054.66,136.44
2026-04-26,East,Affiliate,534,39,3617.05,238.73
2026-04-26,South,Search,616,39,3555.8,472.52
2026-04-26,South,Social,696,26,2073.35,385.22
2026-04-26,South,Email,381,35,3337.82,136.85
2026-04-26,South,Affiliate,444,23,2518.31,234.26
2026-04-26,North,Search,602,45,4205.95,449.17
2026-04-26,North,Social,680,28,2516.15,386.82
2026-04-26,North,Email,311,27,2682.07,129.26
2026-04-26,North,Affiliate,419,22,1956.13,233.83
2026-04-26,West,Search,518,26,2508.24,451.94
2026-04-26,West,Social,587,27,2360.11,398.61
2026-04-26,West,Email,285,34,2771.7,134.25
2026-04-26,West,Affiliate,368,26,2442.11,234.77
2026-04-27,East,Search,759,45,4103.64,460.01
2026-04-27,East,Social,834,31,3067.61,388.92
2026-04-27,East,Email,383,30,2859.88,131.25
2026-04-27,East,Affiliate,502,36,3947.19,248.67
2026-04-27,South,Search,609,41,3611.64,453.33
2026-04-27,South,Social,718,30,3084.18,413.24
2026-04-27,South,Email,359,29,2438.08,131.42
2026-04-27,South,Affiliate,462,25,2174.41,240.87
2026-04-27,North,Search,591,35,3323.11,486.23
2026-04-27,North,Social,672,22,1905.68,402.42
2026-04-27,North,Email,306,39,3209.42,130.91
2026-04-27,North,Affiliate,445,29,2603.8,249.88
2026-04-27,West,Search,528,27,2068.19,481.35
2026-04-27,West,Social,620,27,2383.75,424.96
2026-04-27,West,Email,340,27,2368.5,130.04
2026-04-27,West,Affiliate,360,30,2249.82,241.45
2026-04-28,East,Search,749,44,3910.64,479.05
2026-04-28,East,Social,865,35,2817.05,421.7
2026-04-28,East,Email,416,40,3577.88,132.11
2026-04-28,East,Affiliate,513,33,2571.26,258.68
2026-04-28,South,Search,659,53,4872.7,453.83
2026-04-28,South,Social,727,32,3080.13,409.57
2026-04-28,South,Email,328,30,2752.99,133.25
2026-04-28,South,Affiliate,479,28,2903.81,234.49
2026-04-28,North,Search,569,26,2298.23,486.08
2026-04-28,North,Social,663,26,2379.22,386.2
2026-04-28,North,Email,352,24,2409.74,129.39
2026-04-28,North,Affiliate,460,34,3501.63,261.59
2026-04-28,West,Search,544,34,2881.36,483.1
2026-04-28,West,Social,627,21,1755.78,381.63
2026-04-28,West,Email,284,33,2853.13,121.97
2026-04-28,West,Affiliate,400,24,2201.84,244.37
2026-04-29,East,Search,674,43,3569.6,499.14
2026-04-29,East,Social,791,27,2337.63,427.25
2026-04-29,East,Email,386,39,3199.12,127.73
2026-04-29,East,Affiliate,539,39,3625.18,251.63
2026-04-29,South,Search,648,39,3672.87,453.16
2026-04-29,South,Social,784,26,2299.58,380.48
2026-04-29,South,Email,348,34,3829.19,132.48
2026-04-29,South,Affiliate,466,33,2933.67,233.97
2026-04-29,North,Search,617,44,3264.53,458.31
2026-04-29,North,Social,618,27,2414.86,421.86
2026-04-29,North,Email,335,33,2222.37,136.46
2026-04-29,North,Affiliate,411,21,1868.77,240.76
2026-04-29,West,Search,530,24,2132.93,461.82
2026-04-29,West,Social,613,32,2766.67,401.91
2026-04-29,West,Email,307,26,2694.75,129.4
2026-04-29,West,Affiliate,378,24,2072.91,251.19
2026-04-30,East,Search,700,49,4250.69,485.3
2026-04-30,East,Social,856,31,2313.24,408.73
2026-04-30,East,Email,401,38,3236.62,130.84
2026-04-30,East,Affiliate,524,40,3125.15,256.7
2026-04-30,South,Search,612,24,2335.07,476.15
2026-04-30,South,Social,765,36,3336.22,416.93
2026-04-30,South,Email,352,35,3551.4,127.14
2026-04-30,South,Affiliate,462,28,2441.53,258.91
2026-04-30,North,Search,567,34,3010.13,497.89
2026-04-30,North,Social,663,19,1667.17,393.65
2026-04-30,North,Email,333,34,3588.42,121.73
2026-04-30,North,Affiliate,411,27,2363.86,254.37
2026-04-30,West,Search,519,21,2175.48,497.37
2026-04-30,West,Social,589,21,1863.56,411.34
2026-04-30,West,Email,278,31,2889.11,125.78
2026-04-30,West,Affiliate,383,28,2553.41,260.46
2026-05-01,East,Search,841,50,4656.97,496.87
2026-05-01,East,Social,954,32,2721.66,382.2
2026-05-01,East,Email,482,44,3513.98,132.97
2026-05-01,East,Affiliate,597,47,4187.94,258.09
2026-05-01,South,Search,769,38,3269.32,494.39
2026-05-01,South,Social,823,39,3680.81,406.48
2026-05-01,South,Email,412,34,3115.74,124.33
2026-05-01,South,Affiliate,540,31,2765.43,246.26
2026-05-01,North,Search,654,45,3418.33,473.75
2026-05-01,North,Social,701,36,3234.4,415.18
2026-05-01,North,Email,392,39,3484.41,121.65
2026-05-01,North,Affiliate,476,23,1933.92,254.65
2026-05-01,West,Search,687,36,3261.51,488.82
2026-05-01,West,Social,692,16,1534.04,424.62
2026-05-01,West,Email,372,32,2952.08,132.67
2026-05-01,West,Affiliate,474,32,2886.51,235.95
2026-05-02,East,Search,721,39,3349.58,477.1
2026-05-02,East,Social,788,33,2496.81,420.52
2026-05-02,East,Email,418,35,3043.86,134.61
2026-05-02,East,Affiliate,511,28,2417.6,247.97
2026-05-02,South,Search,687,35,2803.44,473.49
2026-05-02,South,Social,727,37,3847.08,427.69
2026-05-02,South,Email,346,42,3672.88,126.56
2026-05-02,South,Affiliate,465,19,1856.05,233.15
2026-05-02,North,Search,621,39,3937.56,448.97
2026-05-02,North,Social,669,19,1793.82,408.21
2026-05-02,North,Email,313,28,2061.82,132.07
2026-05-02,North,Affiliate,438,31,2912.14,260.28
2026-05-02,West,Search,508,29,2651.69,463.47
2026-05-02,West,Social,619,29,2502.7,411.47
2026-05-02,West,Email,296,28,2195.26,131.73
2026-05-02,West,Affiliate,361,29,2650.74,234.51
2026-05-03,East,Search,726,50,4402.36,456.98
2026-05-03,East,Social,812,25,2266.64,390.76
2026-05-03,East,Email,395,32,3000.97,134.69
2026-05-03,East,Affiliate,508,36,3715.01,259.34
2026-05-03,South,Search,645,41,3138.78,474.72
2026-05-03,South,Social,759,31,2636.87,412.85
2026-05-03,South,Email,383,33,2923.74,125.98
2026-05-03,South,Affiliate,440,33,3006.64,245.81
2026-05-03,North,Search,570,27,2482.9,447.36
2026-05-03,North,Social,683,22,1982.41,420.22
2026-05-03,North,Email,357,32,2795.95,134.28
2026-05-03,North,Affiliate,404,39,3773.6,243.99
2026-05-03,West,Search,525,35,2689.2,464.46
2026-05-03,West,Social,627,25,2120.94,388.68
2026-05-03,West,Email,331,33,2807.08,129.89
2026-05-03,West,Affiliate,417,27,2430.15,239.03
2026-05-04,East,Search,682,44,4050.07,442.63
2026-05-04,East,Social,804,29,2656.91,392.76
2026-05-04,East,Email,398,31,2734.0,130.86
2026-05-04,East,Affiliate,514,33,3556.65,252.6
2026-05-04,South,Search,661,42,3959.74,489.68
2026-05-04,South,Social,728,25,2055.58,419.96
2026-05-04,South,Email,352,29,2296.02,121.14
2026-05-04,South,Affiliate,419,29,2552.36,259.78
2026-05-04,North,Search,607,30,2616.42,484.7
2026-05-04,North,Social,701,27,2547.26,402.04
2026-05-04,North,Email,340,41,3945.72,129.68
2026-05-04,North,Affiliate,401,36,3048.85,246.06
2026-05-04,West,Search,565,31,3151.9,460.09
2026-05-04,West,Social,570,25,2360.63,392.43
2026-05-04,West,Email,287,38,3009.87,129.94
2026-05-04,West,Affiliate,366,28,2741.03,259.83
2026-05-05,East,Search,713,38,3639.74,471.7
2026-05-05,East,Social,810,35,3373.06,395.06
2026-05-05,East,Email,384,43,3747.03,121.86
2026-05-05,East,Affiliate,493,34,2848.4,244.24
2026-05-05,South,Search,621,36,3230.46,464.49
2026-05-05,South,Social,746,31,3321.11,385.73
2026-05-05,South,Email,365,41,4303.36,133.21
2026-05-05,South,Affiliate,494,24,2130.76,251.6
2026-05-05,North,Search,549,33,2956.71,470.58
2026-05-05,North,Social,645,21,1850.21,395.43
2026-05-05,North,Email,327,42,3944.15,125.14
2026-05-05,North,Affiliate,436,26,2021.44,238.59
2026-05-05,West,Search,566,32,2378.83,488.25
2026-05-05,West,Social,621,20,1604.0,380.86
2026-05-05,West,Email,302,22,1822.98,124.99
2026-05-05,West,Affiliate,381,27,2465.71,234.05
2026-05-06,East,Search,735,42,3349.78,473.29
2026-05-06,East,Social,835,36,3557.66,379.41
2026-05-06,East,Email,402,26,2317.23,130.55
2026-05-06,East,Affiliate,571,42,4341.11,260.01
2026-05-06,South,Search,619,39,3334.56,486.45
2026-05-06,South,Social,753,29,2601.26,408.73
2026-05-06,South,Email,357,25,2688.4,129.76
2026-05-06,South,Affiliate,468,26,2364.86,238.41
2026-05-06,North,Search,583,37,3425.28,443.24
2026-05-06,North,Social,665,30,2538.39,384.66
2026-05-06,North,Email,338,29,2713.85,127.93
2026-05-06,North,Affiliate,447,32,3311.14,232.73
2026-05-06,West,Search,520,28,2496.93,473.07
2026-05-06,West,Social,654,30,3348.3,394.35
2026-05-06,West,Email,307,20,1661.09,121.13
2026-05-06,West,Affiliate,389,30,2761.24,254.84
2026-05-07,East,Search,693,35,3567.71,484.21
2026-05-07,East,Social,807,35,3787.14,410.27
2026-05-07,East,Email,408,36,3160.26,133.05
2026-05-07,East,Affiliate,514,22,2038.11,239.16
2026-05-07,South,Search,662,38,3209.08,475.02
2026-05-07,South,Social,732,25,2690.63,381.21
2026-05-07,South,Email,350,35,2962.46,135.71
2026-05-07,South,Affiliate,434,28,2309.42,235.14
2026-05-07,North,Search,618,44,4126.2,494.15
2026-05-07,North,Social,693,31,2376.7,406.86
2026-05-07,North,Email,351,41,3565.9,121.68
2026-05-07,North,Affiliate,352,20,1884.17,233.71
2026-05-07,West,Search,534,26,2193.74,441.99
2026-05-07,West,Social,599,25,2241.97,407.42
2026-05-07,West,Email,300,27,2497.42,128.4
2026-05-07,West,Affiliate,391,21,1766.2,239.59
2026-05-08,East,Search,701,48,4144.27,461.45
2026-05-08,East,Social,850,41,3843.87,391.7
2026-05-08,East,Email,397,37,2994.72,124.65
2026-05-08,East,Affiliate,505,29,2638.45,252.07
2026-05-08,South,Search,618,34,3171.18,473.72
2026-05-08,South,Social,798,40,3083.8,394.68
2026-05-08,South,Email,332,27,2887.66,131.89
2026-05-08,South,Affiliate,453,34,3075.29,255.51
2026-05-08,North,Search,586,28,2627.19,473.39
2026-05-08,North,Social,691,30,2958.17,408.15
2026-05-08,North,Email,333,37,3648.97,131.91
2026-05-08,North,Affiliate,437,38,3230.93,259.01
2026-05-08,West,Search,518,31,3239.13,445.37
2026-05-08,West,Social,574,21,1806.34,400.05
2026-05-08,West,Email,313,33,3159.68,133.4
2026-05-08,West,Affiliate,378,29,2768.64,256.23
2026-05-09,East,Search,712,39,4058.75,439.25
2026-05-09,East,Social,807,34,3542.73,411.36
2026-05-09,East,Email,377,37,3112.3,122.85
2026-05-09,East,Affiliate,491,27,2577.45,248.1
2026-05-09,South,Search,605,38,2827.15,492.93
2026-05-09,South,Social,715,27,2494.61,421.87
2026-05-09,South,Email,344,44,4250.88,124.87
2026-05-09,South,Affiliate,480,34,3364.83,247.99
2026-05-09,North,Search,571,30,2341.14,467.17
2026-05-09,North,Social,648,17,1564.92,378.57
2026-05-09,North,Email,349,33,2813.36,125.68
2026-05-09,North,Affiliate,414,26,2178.24,259.06
2026-05-09,West,Search,526,35,3312.35,479.19
2026-05-09,West,Social,561,29,2787.56,421.11
2026-05-09,West,Email,291,21,2093.74,134.44
2026-05-09,West,Affiliate,369,27,2501.45,242.74
2026-05-10,East,Search,709,39,3148.94,494.09
2026-05-10,East,Social,861,28,2466.74,390.63
2026-05-10,East,Email,384,38,3439.31,128.99
2026-05-10,East,Affiliate,474,34,3075.89,257.09
2026-05-10,South,Search,637,37,3923.97,440.12
2026-05-10,South,Social,769,31,2637.2,396.38
2026-05-10,South,Email,341,25,2073.95,129.68
2026-05-10,South,Affiliate,454,31,2953.97,253.33
2026-05-10,North,Search,591,33,2727.34,492.54
2026-05-10,North,Social,627,29,2373.26,399.12
2026-05-10,North,Email,348,25,2378.63,121.94
2026-05-10,North,Affiliate,391,33,2587.25,252.99
2026-05-10,West,Search,535,30,2775.32,490.66
2026-05-10,West,Social,599,22,1540.53,394.72
2026-05-10,West,Email,288,30,2923.22,122.85
2026-05-10,West,Affiliate,360,22,1780.78,235.25
2026-05-11,East,Search,725,43,3399.47,445.13
2026-05-11,East,Social,775,42,3727.99,409.22
2026-05-11,East,Email,415,37,3425.9,132.15
2026-05-11,East,Affiliate,477,28,2480.33,252.41
2026-05-11,South,Search,661,34,3270.61,473.81
2026-05-11,South,Social,704,24,2135.37,397.5
2026-05-11,South,Email,381,35,3335.0,121.0
2026-05-11,South,Affiliate,458,34,3152.91,256.69
2026-05-11,North,Search,569,34,3405.48,483.02
2026-05-11,North,Social,626,16,1487.08,395.71
2026-05-11,North,Email,345,32,2727.54,129.29
2026-05-11,North,Affiliate,398,24,1995.61,230.8
2026-05-11,West,Search,507,35,3111.32,471.11
2026-05-11,West,Social,662,29,2753.54,396.61
2026-05-11,West,Email,313,26,2266.45,133.07
2026-05-11,West,Affiliate,373,17,1334.33,235.16
2026-05-12,East,Search,738,41,3869.6,443.64
2026-05-12,East,Social,833,31,2723.2,376.7
2026-05-12,East,Email,393,37,3905.95,131.45
2026-05-12,East,Affiliate,493,30,3081.26,241.05
2026-05-12,South,Search,625,48,4263.7,437.26
2026-05-12,South,Social,656,39,3740.02,393.23
2026-05-12,South,Email,327,28,2971.44,123.83
2026-05-12,South,Affiliate,420,27,2701.89,256.97
2026-05-12,North,Search,612,37,3595.61,448.01
2026-05-12,North,Social,651,25,2266.81,418.66
2026-05-12,North,Email,312,28,2440.16,121.67
2026-05-12,North,Affiliate,394,24,1979.18,249.25
2026-05-12,West,Search,519,27,2546.11,446.89
2026-05-12,West,Social,620,27,2280.36,393.2
2026-05-12,West,Email,291,25,2000.12,120.08
2026-05-12,West,Affiliate,388,30,2718.0,250.13
2026-05-13,East,Search,728,47,3923.24,481.69
2026-05-13,East,Social,756,37,3810.18,401.8
2026-05-13,East,Email,375,35,3031.87,130.52
2026-05-13,East,Affiliate,508,29,2763.1,229.14
2026-05-13,South,Search,645,38,4183.19,463.68
2026-05-13,South,Social,723,27,2451.62,393.79
2026-05-13,South,Email,337,35,2614.05,119.55
2026-05-13,South,Affiliate,430,34,3324.33,232.77
2026-05-13,North,Search,554,32,2601.63,474.0
2026-05-13,North,Social,648,26,2282.49,377.29
2026-05-13,North,Email,320,32,2754.87,129.94
2026-05-13,North,Affiliate,411,24,2448.41,242.65
2026-05-13,West,Search,516,37,3536.11,450.99
2026-05-13,West,Social,592,24,2132.14,396.06
2026-05-13,West,Email,323,34,3361.0,133.89
2026-05-13,West,Affiliate,424,26,2180.33,229.35
2026-05-14,East,Search,719,44,3739.87,440.37
2026-05-14,East,Social,791,34,3117.69,413.84
2026-05-14,East,Email,402,40,3592.06,120.2
2026-05-14,East,Affiliate,516,36,3496.66,250.2
2026-05-14,South,Search,657,30,2355.39,459.97
2026-05-14,South,Social,735,18,1745.76,404.29
2026-05-14,South,Email,362,29,2331.94,131.71
2026-05-14,South,Affiliate,419,17,1623.07,239.31
2026-05-14,North,Search,575,31,2734.45,455.33
2026-05-14,North,Social,685,20,1707.34,407.47
2026-05-14,North,Email,344,35,2730.67,120.23
2026-05-14,North,Affiliate,427,27,2367.86,249.1
2026-05-14,West,Search,533,23,2172.19,452.3
2026-05-14,West,Social,624,25,1916.0,377.9
2026-05-14,West,Email,289,22,1401.52,122.0
2026-05-14,West,Affiliate,380,27,2192.11,240.02
2026-05-15,East,Search,828,57,5793.97,472.6
2026-05-15,East,Social,890,37,3580.5,403.48
2026-05-15,East,Email,459,30,2717.21,121.09
2026-05-15,East,Affiliate,567,34,3122.18,255.46
2026-05-15,South,Search,776,49,4421.3,467.03
2026-05-15,South,Social,831,33,2783.04,400.47
2026-05-15,South,Email,418,46,4923.47,127.89
2026-05-15,South,Affiliate,517,48,4493.84,240.51
2026-05-15,North,Search,721,31,3192.16,482.03
2026-05-15,North,Social,799,28,2797.7,380.46
2026-05-15,North,Email,377,46,3824.61,125.28
2026-05-15,North,Affiliate,468,38,3421.32,233.7
2026-05-15,West,Search,629,38,3596.18,448.53
2026-05-15,West,Social,679,26,2289.36,373.03
2026-05-15,West,Email,334,29,2339.29,120.79
2026-05-15,West,Affiliate,456,34,3386.48,242.39
2026-05-16,East,Search,682,33,2942.9,458.86
2026-05-16,East,Social,812,23,2327.42,406.08
2026-05-16,East,Email,415,36,2947.08,122.73
2026-05-16,East,Affiliate,479,48,5015.05,244.0
2026-05-16,South,Search,591,29,2475.32,437.42
2026-05-16,South,Social,746,37,4027.86,373.3
2026-05-16,South,Email,365,37,3553.36,121.45
2026-05-16,South,Affiliate,448,36,3523.93,228.13
2026-05-16,North,Search,529,27,2434.76,446.76
2026-05-16,North,Social,684,35,3864.78,380.1
2026-05-16,North,Email,319,25,2166.85,125.32
2026-05-16,North,Affiliate,383,27,2408.42,247.29
2026-05-16,West,Search,512,31,3304.87,471.82
2026-05-16,West,Social,581,25,2459.9,407.41
2026-05-16,West,Email,328,34,2766.34,133.45
2026-05-16,West,Affiliate,384,29,3168.26,243.01
2026-05-17,East,Search,698,43,4260.2,469.53
2026-05-17,East,Social,800,37,3569.79,404.35
2026-05-17,East,Email,395,40,3925.67,133.1
2026-05-17,East,Affiliate,517,48,4517.42,241.38
2026-05-17,South,Search,622,31,2726.58,472.21
2026-05-17,South,Social,725,26,2595.23,378.16
2026-05-17,South,Email,326,20,1879.29,130.01
2026-05-17,South,Affiliate,423,21,1750.79,237.44
2026-05-17,North,Search,581,32,3119.99,458.1
2026-05-17,North,Social,647,26,2118.51,395.58
2026-05-17,North,Email,332,32,3427.73,120.46
2026-05-17,North,Affiliate,401,30,3194.07,239.69
2026-05-17,West,Search,552,31,2664.76,483.29
2026-05-17,West,Social,608,19,1773.28,400.72
2026-05-17,West,Email,275,22,1649.28,133.64
2026-05-17,West,Affiliate,363,27,2268.16,242.14
2026-05-18,East,Search,703,35,3591.82,455.41
2026-05-18,East,Social,818,20,1934.51,413.6
2026-05-18,East,Email,379,31,3064.36,131.62
2026-05-18,East,Affiliate,495,33,3217.93,244.98
2026-05-18,South,Search,598,33,3145.63,434.49
2026-05-18,South,Social,743,23,1983.42,384.51
2026-05-18,South,Email,380,31,2995.69,126.38
2026-05-18,South,Affiliate,439,27,2711.69,242.95
2026-05-18,North,Search,580,32,2550.43,437.26
2026-05-18,North,Social,670,24,2261.91,412.27
2026-05-18,North,Email,341,33,2858.9,122.33
2026-05-18,North,Affiliate,385,26,2631.1,249.6
2026-05-18,West,Search,488,23,2242.27,434.6
2026-05-18,West,Social,585,25,2065.96,389.26
2026-05-18,West,Email,283,23,2128.84,118.82
2026-05-18,West,Affiliate,402,30,3006.03,250.04
2026-05-19,East,Search,705,42,4079.19,445.65
2026-05-19,East,Social,806,26,2445.02,402.6
2026-05-19,East,Email,415,30,2431.69,132.64
2026-05-19,East,Affiliate,541,35,3197.57,253.94
2026-05-19,South,Search,622,44,3686.28,442.17
2026-05-19,South,Social,715,27,2738.2,407.38
2026-05-19,South,Email,336,36,3065.28,128.01
2026-05-19,South,Affiliate,435,21,1974.12,237.29
2026-05-19,North,Search,588,24,1943.51,459.32
2026-05-19,North,Social,657,34,3312.14,391.67
2026-05-19,North,Email,324,28,2497.63,127.1
2026-05-19,North,Affiliate,412,41,3250.73,244.3
2026-05-19,West,Search,495,29,2735.56,440.8
2026-05-19,West,Social,599,22,2159.83,394.05
2026-05-19,West,Email,294,30,2332.36,128.13
2026-05-19,West,Affiliate,375,24,2161.99,252.65
2026-05-20,East,Search,731,38,3200.31,477.85
2026-05-20,East,Social,793,32,2957.34,400.36
2026-05-20,East,Email,374,26,2568.57,130.17
2026-05-20,East,Affiliate,458,35,3257.52,240.1
2026-05-20,South,Search,649,27,2334.05,432.89
2026-05-20,South,Social,762,27,2286.09,370.88
2026-05-20,South,Email,349,29,2300.6,130.3
2026-05-20,South,Affiliate,421,30,2693.11,235.75
2026-05-20,North,Search,591,42,3039.87,444.85
2026-05-20,North,Social,644,25,1947.7,404.47
2026-05-20,North,Email,338,23,1822.54,118.68
2026-05-20,North,Affiliate,362,27,2042.27,249.61
2026-05-20,West,Search,522,28,2485.84,458.08
2026-05-20,West,Social,564,19,1557.85,394.2
2026-05-20,West,Email,288,30,2968.66,131.21
2026-05-20,West,Affiliate,389,27,2204.64,249.15
2026-05-21,East,Search,660,52,4489.42,434.8
2026-05-21,East,Social,784,28,2964.97,403.25
2026-05-21,East,Email,393,29,2345.39,130.01
2026-05-21,East,Affiliate,471,33,2834.87,244.53
2026-05-21,South,Search,650,35,2868.02,481.18
2026-05-21,South,Social,729,24,2433.7,383.51
2026-05-21,South,Email,344,37,3455.68,120.51
2026-05-21,South,Affiliate,481,34,2746.86,238.3
2026-05-21,North,Search,584,33,2879.13,439.84
2026-05-21,North,Social,624,31,2350.52,408.36
2026-05-21,North,Email,350,29,2708.47,132.65
2026-05-21,North,Affiliate,387,17,1453.67,239.8
2026-05-21,West,Search,498,31,2965.07,452.49
2026-05-21,West,Social,608,26,2363.87,373.71
2026-05-21,West,Email,292,26,2300.56,120.69
2026-05-21,West,Affiliate,378,30,2671.36,233.3
2026-05-22,East,Search,669,52,4721.66,457.03
2026-05-22,East,Social,827,42,3367.53,370.35
2026-05-22,East,Email,338,34,3253.46,126.97
2026-05-22,East,Affiliate,530,38,3858.41,246.71
2026-05-22,South,Search,630,34,3175.51,478.14
2026-05-22,South,Social,697,30,2828.38,392.95
2026-05-22,South,Email,345,32,2924.93,130.43
2026-05-22,South,Affiliate,431,24,2355.12,247.91
2026-05-22,North,Search,586,21,2049.14,448.15
2026-05-22,North,Social,604,22,1966.53,413.33
2026-05-22,North,Email,322,23,2048.92,123.84
2026-05-22,North,Affiliate,451,24,2300.31,240.98
2026-05-22,West,Search,515,34,2488.82,440.92
2026-05-22,West,Social,618,28,2344.8,386.29
2026-05-22,West,Email,343,27,2230.65,123.93
2026-05-22,West,Affiliate,372,18,1748.15,231.99
2026-05-23,East,Search,658,45,4264.58,470.36
2026-05-23,East,Social,805,27,1999.45,414.76
2026-05-23,East,Email,373,27,2394.9,118.79
2026-05-23,East,Affiliate,478,29,2415.46,230.44
2026-05-23,South,Search,618,26,2480.42,475.43
2026-05-23,South,Social,709,23,1840.15,404.77
2026-05-23,South,Email,352,28,2572.63,123.0
2026-05-23,South,Affiliate,446,21,1821.63,232.66
2026-05-23,North,Search,522,29,2813.95,476.53
2026-05-23,North,Social,612,21,1659.39,389.19
2026-05-23,North,Email,302,21,1683.32,121.15
2026-05-23,North,Affiliate,418,18,1692.14,238.47
2026-05-23,West,Search,496,45,4261.46,475.06
2026-05-23,West,Social,630,26,2337.24,399.12
2026-05-23,West,Email,282,27,2787.79,119.27
2026-05-23,West,Affiliate,366,23,2212.86,231.02
2026-05-24,East,Search,632,37,3319.62,448.03
2026-05-24,East,Social,812,31,2698.03,374.07
2026-05-24,East,Email,384,37,3879.15,123.69
2026-05-24,East,Affiliate,502,35,3717.75,228.79
2026-05-24,South,Search,616,36,3267.76,436.81
2026-05-24,South,Social,669,26,2358.54,394.78
2026-05-24,South,Email,350,29,2392.86,129.8
2026-05-24,South,Affiliate,412,28,2689.32,247.06
2026-05-24,North,Search,579,32,2962.3,475.72
2026-05-24,North,Social,637,21,1801.81,381.58
2026-05-24,North,Email,337,21,1692.31,120.42
2026-05-24,North,Affiliate,436,27,2383.68,238.5
2026-05-24,West,Search,530,22,2101.06,479.36
2026-05-24,West,Social,588,18,1598.23,385.83
2026-05-24,West,Email,314,31,2975.84,127.92
2026-05-24,West,Affiliate,410,17,1402.13,234.15
2026-05-25,East,Search,680,37,3380.39,436.84
2026-05-25,East,Social,766,28,2801.7,390.48
2026-05-25,East,Email,391,31,3078.3,121.03
2026-05-25,East,Affiliate,523,27,2352.23,245.67
2026-05-25,South,Search,641,43,3985.5,458.16
2026-05-25,South,Social,716,26,2301.62,381.68
2026-05-25,South,Email,338,25,2286.68,119.2
2026-05-25,South,Affiliate,433,32,2634.73,227.47
2026-05-25,North,Search,601,42,3312.56,464.39
2026-05-25,North,Social,711,25,2121.74,387.28
2026-05-25,North,Email,312,36,2819.48,124.25
2026-05-25,North,Affiliate,402,22,1808.33,225.71
2026-05-25,West,Search,510,36,2777.72,456.93
2026-05-25,West,Social,569,18,1556.82,376.24
2026-05-25,West,Email,291,26,2470.96,129.11
2026-05-25,West,Affiliate,362,23,2160.34,225.53
2026-05-26,East,Search,660,43,3315.12,440.13
2026-05-26,East,Social,805,40,4120.58,375.04
2026-05-26,East,Email,381,35,3021.07,127.79
2026-05-26,East,Affiliate,495,29,2601.86,235.74
2026-05-26,South,Search,622,31,2927.01,432.44
2026-05-26,South,Social,701,25,2307.79,382.36
2026-05-26,South,Email,343,34,3379.24,129.1
2026-05-26,South,Affiliate,465,25,2135.24,224.26
2026-05-26,North,Search,558,36,2769.27,428.26
2026-05-26,North,Social,630,20,1668.65,370.14
2026-05-26,North,Email,323,27,2381.2,123.77
2026-05-26,North,Affiliate,409,23,1764.56,229.65
2026-05-26,West,Search,549,34,3508.89,481.4
2026-05-26,West,Social,558,24,2170.11,382.26
2026-05-26,West,Email,295,21,1765.68,131.03
2026-05-26,West,Affiliate,352,18,1609.68,227.88
2026-05-27,East,Search,662,37,4063.8,429.61
2026-05-27,East,Social,735,26,2280.01,410.68
2026-05-27,East,Email,375,34,3301.72,118.17
2026-05-27,East,Affiliate,505,33,3102.92,224.08
2026-05-27,South,Search,592,29,2449.69,433.28
2026-05-27,South,Social,718,31,2341.54,375.41
2026-05-27,South,Email,351,29,2910.57,123.09
2026-05-27,South,Affiliate,460,29,2593.49,236.19
2026-05-27,North,Search,541,20,2017.6,454.64
2026-05-27,North,Social,659,26,2033.93,385.59
2026-05-27,North,Email,350,38,3012.07,121.96
2026-05-27,North,Affiliate,403,31,2386.46,237.86
2026-05-27,West,Search,512,35,3028.56,475.89
2026-05-27,West,Social,572,21,2005.35,391.83
2026-05-27,West,Email,289,31,2859.24,131.03
2026-05-27,West,Affiliate,376,26,2280.35,229.36
2026-05-28,East,Search,658,34,3088.69,455.76
2026-05-28,East,Social,755,33,3090.38,382.05
2026-05-28,East,Email,355,35,3595.98,120.58
2026-05-28,East,Affiliate,490,23,2267.93,228.78
2026-05-28,South,Search,623,36,2776.0,467.2
2026-05-28,South,Social,696,16,1444.5,389.11
2026-05-28,South,Email,350,35,3452.93,130.0
2026-05-28,South,Affiliate,438,28,2313.75,241.12
2026-05-28,North,Search,510,24,2169.35,433.59
2026-05-28,North,Social,644,36,3679.25,374.44
2026-05-28,North,Email,334,27,2726.44,129.38
2026-05-28,North,Affiliate,403,24,2135.89,250.27
2026-05-28,West,Search,537,32,3065.19,466.77
2026-05-28,West,Social,598,25,2177.76,388.24
2026-05-28,West,Email,324,36,3583.78,124.1
2026-05-28,West,Affiliate,397,21,1997.29,229.09
2026-05-29,East,Search,712,42,4168.97,475.67
2026-05-29,East,Social,805,38,3304.99,380.93
2026-05-29,East,Email,396,35,3333.32,129.14
2026-05-29,East,Affiliate,488,38,3157.22,231.83
2026-05-29,South,Search,589,35,3212.9,457.4
2026-05-29,South,Social,705,20,1847.2,403.69
2026-05-29,South,Email,336,36,3690.9,131.09
2026-05-29,South,Affiliate,436,28,2469.47,248.8
2026-05-29,North,Search,580,41,4032.55,471.35
2026-05-29,North,Social,597,22,1666.12,391.83
2026-05-29,North,Email,319,21,1951.65,121.66
2026-05-29,North,Affiliate,384,16,1376.34,245.65
2026-05-29,West,Search,493,32,3175.61,461.72
2026-05-29,West,Social,566,21,1918.06,368.91
2026-05-29,West,Email,268,29,2831.39,127.73
2026-05-29,West,Affiliate,416,25,2171.28,232.89
2026-05-30,East,Search,656,34,2667.09,461.17
2026-05-30,East,Social,826,37,3681.11,375.64
2026-05-30,East,Email,446,45,3961.22,124.25
2026-05-30,East,Affiliate,483,34,3395.66,245.0
2026-05-30,South,Search,614,33,2922.71,426.57
2026-05-30,South,Social,673,26,2558.75,364.29
2026-05-30,South,Email,336,33,3052.85,127.63
2026-05-30,South,Affiliate,421,29,2432.95,232.43
2026-05-30,North,Search,536,29,3042.44,431.97
2026-05-30,North,Social,625,28,2781.27,392.38
2026-05-30,North,Email,332,22,1877.23,122.68
2026-05-30,North,Affiliate,397,18,1793.01,234.74
2026-05-30,West,Search,544,31,2762.33,436.0
2026-05-30,West,Social,549,28,2611.53,370.3
2026-05-30,West,Email,279,25,2196.52,123.31
2026-05-30,West,Affiliate,346,26,2227.82,223.05
2026-05-31,East,Search,737,38,3850.23,428.24
2026-05-31,East,Social,803,27,2426.81,391.18
2026-05-31,East,Email,390,37,3569.56,118.28
2026-05-31,East,Affiliate,482,26,2381.22,223.82
2026-05-31,South,Search,630,32,2931.85,427.35
2026-05-31,South,Social,660,28,2624.87,380.29
2026-05-31,South,Email,333,40,3929.72,127.71
2026-05-31,South,Affiliate,412,19,1646.99,240.3
2026-05-31,North,Search,554,26,2230.54,436.06
2026-05-31,North,Social,660,21,1956.54,366.51
2026-05-31,North,Email,304,25,2382.23,116.2
2026-05-31,North,Affiliate,402,21,1788.17,241.12
2026-05-31,West,Search,508,18,1356.55,434.19
2026-05-31,West,Social,553,19,1719.75,408.19
2026-05-31,West,Email,314,29,2810.93,129.62
2026-05-31,West,Affiliate,394,23,2094.46,248.77
2026-06-01,East,Search,803,42,3329.3,437.85
2026-06-01,East,Social,888,30,2801.77,404.07
2026-06-01,East,Email,435,42,3371.19,124.84
2026-06-01,East,Affiliate,565,34,3023.9,234.17
2026-06-01,South,Search,716,34,3149.83,465.22
2026-06-01,South,Social,816,35,2990.61,376.28
2026-06-01,South,Email,410,38,2905.25,120.71
2026-06-01,South,Affiliate,549,28,2277.78,247.69
2026-06-01,North,Search,715,54,4919.66,426.78
2026-06-01,North,Social,738,26,2326.52,387.04
2026-06-01,North,Email,347,24,2232.36,123.47
2026-06-01,North,Affiliate,455,30,2620.86,222.05
2026-06-01,West,Search,623,40,3578.2,467.66
2026-06-01,West,Social,691,26,2230.44,397.78
2026-06-01,West,Email,342,37,3164.92,121.4
2026-06-01,West,Affiliate,437,26,2488.65,234.21
2026-06-02,East,Search,677,28,2399.52,470.42
2026-06-02,East,Social,773,25,2314.07,381.49
2026-06-02,East,Email,363,30,2788.84,120.6
2026-06-02,East,Affiliate,473,33,3412.35,229.86
2026-06-02,South,Search,618,39,3580.8,469.93
2026-06-02,South,Social,713,31,2517.88,390.5
2026-06-02,South,Email,341,31,2282.16,126.99
2026-06-02,South,Affiliate,469,30,2566.84,235.46
2026-06-02,North,Search,602,35,2924.39,448.11
2026-06-02,North,Social,634,25,2102.59,392.24
2026-06-02,North,Email,299,29,2219.7,115.52
2026-06-02,North,Affiliate,431,24,2298.66,230.26
2026-06-02,West,Search,477,32,3327.04,428.29
2026-06-02,West,Social,566,26,2367.56,379.34
2026-06-02,West,Email,292,28,2480.41,118.0
2026-06-02,West,Affiliate,370,23,1629.18,245.97
2026-06-03,East,Search,676,44,4270.86,471.52
2026-06-03,East,Social,818,31,3376.6,375.47
2026-06-03,East,Email,368,34,3291.06,126.3
2026-06-03,East,Affiliate,480,32,2662.65,231.69
2026-06-03,South,Search,612,40,3631.58,449.67
2026-06-03,South,Social,648,24,2083.22,386.19
2026-06-03,South,Email,363,20,1881.94,123.45
2026-06-03,South,Affiliate,433,36,3272.21,234.32
2026-06-03,North,Search,551,29,2976.74,441.24
2026-06-03,North,Social,690,28,2616.39,373.25
2026-06-03,North,Email,298,24,2389.53,116.99
2026-06-03,North,Affiliate,394,30,3068.04,233.48
2026-06-03,West,Search,499,37,3308.48,438.52
2026-06-03,West,Social,601,24,2182.43,385.95
2026-06-03,West,Email,260,24,1991.0,127.75
2026-06-03,West,Affiliate,361,21,1888.27,243.38
2026-06-04,East,Search,721,46,4364.65,443.98
2026-06-04,East,Social,779,24,2050.4,367.24
2026-06-04,East,Email,421,41,3466.6,129.08
2026-06-04,East,Affiliate,474,28,2786.55,239.98
2026-06-04,South,Search,597,35,3337.17,444.59
2026-06-04,South,Social,711,22,1816.09,367.68
2026-06-04,South,Email,371,38,2996.21,128.64
2026-06-04,South,Affiliate,406,22,1876.31,247.44
2026-06-04,North,Search,583,30,2846.73,440.67
2026-06-04,North,Social,623,22,1715.38,373.67
2026-06-04,North,Email,299,20,1609.96,115.18
2026-06-04,North,Affiliate,386,33,3165.67,247.74
2026-06-04,West,Search,488,29,2117.0,446.18
2026-06-04,West,Social,569,18,1702.53,386.25
2026-06-04,West,Email,247,20,2008.47,122.71
2026-06-04,West,Affiliate,348,25,2338.06,242.39
2026-06-05,East,Search,673,33,2926.69,452.16
2026-06-05,East,Social,737,27,2121.54,365.52
2026-06-05,East,Email,382,31,2573.62,122.91
2026-06-05,East,Affiliate,501,41,3509.43,222.08
2026-06-05,South,Search,628,29,2588.58,456.0
2026-06-05,South,Social,722,30,2331.22,380.14
2026-06-05,South,Email,313,28,2452.35,120.52
2026-06-05,South,Affiliate,447,31,3192.72,243.0
2026-06-05,North,Search,566,23,2130.83,458.98
2026-06-05,North,Social,614,28,2365.46,374.42
2026-06-05,North,Email,360,32,2872.59,126.37
2026-06-05,North,Affiliate,422,25,2191.1,227.34
2026-06-05,West,Search,512,35,2860.94,449.39
2026-06-05,West,Social,571,19,1997.48,403.9
2026-06-05,West,Email,311,24,1935.14,129.22
2026-06-05,West,Affiliate,347,22,2150.32,224.47
2026-06-06,East,Search,682,36,3373.87,434.63
2026-06-06,East,Social,732,30,3087.76,367.24
2026-06-06,East,Email,408,38,3414.7,116.15
2026-06-06,East,Affiliate,487,36,2815.48,237.5
2026-06-06,South,Search,599,28,2635.0,458.02
2026-06-06,South,Social,757,26,2519.0,361.28
2026-06-06,South,Email,342,30,2580.89,123.48
2026-06-06,South,Affiliate,454,38,3185.89,227.39
2026-06-06,North,Search,585,19,1748.29,419.12
2026-06-06,North,Social,639,17,1444.68,401.49
2026-06-06,North,Email,303,28,2504.1,120.55
2026-06-06,North,Affiliate,421,14,1217.34,246.52
2026-06-06,West,Search,462,31,2696.95,428.32
2026-06-06,West,Social,550,14,1320.59,398.24
2026-06-06,West,Email,253,17,1519.21,124.72
2026-06-06,West,Affiliate,351,18,1988.79,223.72
2026-06-07,East,Search,707,45,3812.42,466.27
2026-06-07,East,Social,777,22,1958.19,370.04
2026-06-07,East,Email,385,33,2994.86,115.86
2026-06-07,East,Affiliate,487,29,2170.67,237.37
2026-06-07,South,Search,612,33,3530.07,445.98
2026-06-07,South,Social,755,25,2420.51,396.49
2026-06-07,South,Email,367,33,3069.36,124.38
2026-06-07,South,Affiliate,453,22,2109.95,218.97
2026-06-07,North,Search,568,29,2413.7,461.4
2026-06-07,North,Social,610,25,2202.42,370.01
2026-06-07,North,Email,312,33,2989.0,119.31
2026-06-07,North,Affiliate,396,23,2266.26,222.88
2026-06-07,West,Search,526,28,2815.41,437.03
2026-06-07,West,Social,579,23,2139.0,386.27
2026-06-07,West,Email,263,28,2738.83,124.5
2026-06-07,West,Affiliate,344,25,2297.44,242.68
2026-06-08,East,Search,689,28,2780.35,453.28
2026-06-08,East,Social,750,24,2352.68,357.24
2026-06-08,East,Email,378,35,3142.26,118.36
2026-06-08,East,Affiliate,433,24,2124.26,234.71
2026-06-08,South,Search,603,36,3047.53,443.87
2026-06-08,South,Social,694,18,1717.68,392.89
2026-06-08,South,Email,335,20,1750.9,118.31
2026-06-08,South,Affiliate,420,26,2102.35,225.52
2026-06-08,North,Search,540,29,2439.37,420.69
2026-06-08,North,Social,636,28,2347.81,366.72
2026-06-08,North,Email,325,24,2157.88,115.78
2026-06-08,North,Affiliate,373,24,2434.03,221.83
2026-06-08,West,Search,477,35,3061.99,462.41
2026-06-08,West,Social,613,28,2548.39,365.78
2026-06-08,West,Email,346,38,2799.09,119.8
2026-06-08,West,Affiliate,339,21,2188.55,235.19
2026-06-09,East,Search,675,44,3876.26,430.09
2026-06-09,East,Social,763,26,2271.44,369.26
2026-06-09,East,Email,366,37,3405.65,116.87
2026-06-09,East,Affiliate,488,35,3101.63,238.84
2026-06-09,South,Search,591,29,2726.13,430.57
2026-06-09,South,Social,709,23,2199.43,400.53
2026-06-09,South,Email,324,23,1972.46,119.33
2026-06-09,South,Affiliate,437,33,3693.17,225.5
2026-06-09,North,Search,555,28,2940.7,457.87
2026-06-09,North,Social,625,23,1654.68,390.1
2026-06-09,North,Email,290,27,2454.47,117.95
2026-06-09,North,Affiliate,393,28,2410.3,232.1
2026-06-09,West,Search,484,38,3295.43,422.94
2026-06-09,West,Social,609,28,2735.71,380.01
2026-06-09,West,Email,288,23,2126.31,123.63
2026-06-09,West,Affiliate,353,20,1662.45,224.87
2026-06-10,East,Search,683,45,4355.34,464.2
2026-06-10,East,Social,755,22,2111.46,366.39
2026-06-10,East,Email,425,40,4073.06,116.04
2026-06-10,East,Affiliate,457,27,2482.1,220.01
2026-06-10,South,Search,603,25,2236.94,463.77
2026-06-10,South,Social,675,26,2164.58,372.19
2026-06-10,South,Email,358,29,2647.56,125.09
2026-06-10,South,Affiliate,415,23,2184.34,227.88
2026-06-10,North,Search,522,34,2937.9,430.31
2026-06-10,North,Social,633,36,3665.8,364.65
2026-06-10,North,Email,299,27,2130.05,116.03
2026-06-10,North,Affiliate,391,25,2523.69,218.48
2026-06-10,West,Search,515,29,2701.52,432.62
2026-06-10,West,Social,542,24,2179.01,399.41
2026-06-10,West,Email,288,28,2393.05,119.96
2026-06-10,West,Affiliate,365,21,2094.72,218.83
2026-06-11,East,Search,624,34,3584.93,433.65
2026-06-11,East,Social,797,31,2653.42,399.47
2026-06-11,East,Email,369,24,1992.56,115.61
2026-06-11,East,Affiliate,460,29,2907.61,222.69
2026-06-11,South,Search,623,28,2569.05,454.95
2026-06-11,South,Social,675,20,2252.99,365.61
2026-06-11,South,Email,361,31,3057.9,120.68
2026-06-11,South,Affiliate,464,29,2768.69,231.28
2026-06-11,North,Search,538,25,2225.46,434.98
2026-06-11,North,Social,617,25,2154.61,397.65
2026-06-11,North,Email,277,28,2457.51,125.36
2026-06-11,North,Affiliate,387,28,2502.11,237.67
2026-06-11,West,Search,503,28,2959.6,447.05
2026-06-11,West,Social,603,21,1723.95,396.52
2026-06-11,West,Email,256,17,1648.43,122.14
2026-06-11,West,Affiliate,362,17,1550.82,241.97
2026-06-12,East,Search,670,29,2611.81,447.32
2026-06-12,East,Social,824,32,3262.62,372.01
2026-06-12,East,Email,364,25,2190.97,124.42
2026-06-12,East,Affiliate,464,28,2775.87,236.7
2026-06-12,South,Search,608,37,3283.32,439.0
2026-06-12,South,Social,696,16,1343.75,395.79
2026-06-12,South,Email,330,32,3161.59,118.84
2026-06-12,South,Affiliate,452,33,2841.75,236.74
2026-06-12,North,Search,539,31,3150.59,426.66
2026-06-12,North,Social,593,24,2001.82,358.79
2026-06-12,North,Email,316,25,2871.9,124.18
2026-06-12,North,Affiliate,434,30,2627.87,218.49
2026-06-12,West,Search,473,26,2403.54,450.63
2026-06-12,West,Social,575,28,2516.22,383.96
2026-06-12,West,Email,292,28,2255.68,125.84
2026-06-12,West,Affiliate,343,23,1851.57,219.35
2026-06-13,East,Search,679,38,3380.12,435.08
2026-06-13,East,Social,777,37,3924.31,382.83
2026-06-13,East,Email,373,30,3036.76,119.06
2026-06-13,East,Affiliate,469,28,2387.49,229.76
2026-06-13,South,Search,638,34,3170.01,418.73
2026-06-13,South,Social,694,26,2499.34,375.05
2026-06-13,South,Email,352,26,2516.59,118.2
2026-06-13,South,Affiliate,430,34,3367.88,229.72
2026-06-13,North,Search,601,41,3038.84,415.66
2026-06-13,North,Social,649,18,1912.66,382.47
2026-06-13,North,Email,277,20,1846.19,120.86
2026-06-13,North,Affiliate,372,33,3145.71,230.78
2026-06-13,West,Search,474,22,1991.34,427.81
2026-06-13,West,Social,554,31,2486.78,360.3
2026-06-13,West,Email,285,25,2027.04,118.57
2026-06-13,West,Affiliate,330,19,1525.47,233.2
2026-06-14,East,Search,659,30,2785.57,435.71
2026-06-14,East,Social,759,27,2411.9,394.7
2026-06-14,East,Email,342,27,2819.69,123.22
2026-06-14,East,Affiliate,497,33,2722.44,233.68
2026-06-14,South,Search,575,39,3297.75,442.8
2026-06-14,South,Social,685,26,2074.43,357.2
2026-06-14,South,Email,338,28,2719.93,125.05
2026-06-14,South,Affiliate,422,21,1824.2,219.59
2026-06-14,North,Search,556,31,2618.47,456.83
2026-06-14,North,Social,599,26,2603.95,371.22
2026-06-14,North,Email,319,23,2491.48,118.39
2026-06-14,North,Affiliate,413,23,2111.24,235.0
2026-06-14,West,Search,536,42,4066.18,460.29
2026-06-14,West,Social,552,28,2520.57,363.28
2026-06-14,West,Email,257,29,2591.55,115.28
2026-06-14,West,Affiliate,356,26,2541.4,239.54
2026-06-15,East,Search,760,31,2818.81,416.81
2026-06-15,East,Social,923,35,3489.9,358.39
2026-06-15,East,Email,439,42,3725.04,118.99
2026-06-15,East,Affiliate,578,33,3156.46,215.68
2026-06-15,South,Search,704,39,2989.12,445.76
2026-06-15,South,Social,826,22,2273.66,356.29
2026-06-15,South,Email,402,32,3428.86,114.94
2026-06-15,South,Affiliate,517,37,2879.94,218.9
2026-06-15,North,Search,654,46,4608.6,448.12
2026-06-15,North,Social,755,29,2559.36,358.55
2026-06-15,North,Email,381,37,3379.28,115.98
2026-06-15,North,Affiliate,471,33,2588.1,231.15
2026-06-15,West,Search,621,36,3013.74,462.18
2026-06-15,West,Social,647,21,1699.84,355.72
2026-06-15,West,Email,354,28,2697.15,121.02
2026-06-15,West,Affiliate,437,37,3280.63,218.4
2026-06-16,East,Search,653,45,4483.47,456.41
2026-06-16,East,Social,786,32,3129.35,379.45
2026-06-16,East,Email,429,51,5044.13,115.02
2026-06-16,East,Affiliate,472,31,2742.56,230.3
2026-06-16,South,Search,591,31,3003.2,429.72
2026-06-16,South,Social,659,19,1577.16,375.99
2026-06-16,South,Email,343,30,2819.7,117.13
2026-06-16,South,Affiliate,461,33,2765.58,215.23
2026-06-16,North,Search,527,27,2315.53,455.62
2026-06-16,North,Social,596,35,3335.22,375.6
2026-06-16,North,Email,309,30,2770.92,118.57
2026-06-16,North,Affiliate,393,38,3704.13,231.28
2026-06-16,West,Search,496,28,2243.24,457.64
2026-06-16,West,Social,548,22,1894.26,380.83
2026-06-16,West,Email,261,20,1653.71,116.03
2026-06-16,West,Affiliate,373,38,3697.45,239.6
2026-06-17,East,Search,697,36,3614.46,458.54
2026-06-17,East,Social,787,22,1819.94,355.51
2026-06-17,East,Email,367,38,3706.31,123.26
2026-06-17,East,Affiliate,466,24,2184.85,220.49
2026-06-17,South,Search,585,36,3009.93,450.81
2026-06-17,South,Social,628,19,1569.66,386.33
2026-06-17,South,Email,342,37,3084.46,115.12
2026-06-17,South,Affiliate,397,22,1984.65,226.86
2026-06-17,North,Search,564,30,3005.41,421.9
2026-06-17,North,Social,663,21,1881.51,370.83
2026-06-17,North,Email,335,30,2854.34,120.79
2026-06-17,North,Affiliate,412,20,2032.32,225.3
2026-06-17,West,Search,502,33,2884.13,427.28
2026-06-17,West,Social,592,32,2670.48,380.81
2026-06-17,West,Email,274,23,1933.65,119.9
2026-06-17,West,Affiliate,346,32,2758.34,221.6
2026-06-18,East,Search,611,33,3050.27,459.06
2026-06-18,East,Social,743,25,2256.66,385.65
2026-06-18,East,Email,357,32,2940.59,124.15
2026-06-18,East,Affiliate,485,28,2666.6,235.71
2026-06-18,South,Search,591,43,3359.3,453.96
2026-06-18,South,Social,679,26,2163.0,358.21
2026-06-18,South,Email,320,24,2108.95,115.44
2026-06-18,South,Affiliate,449,24,2136.57,230.54
2026-06-18,North,Search,581,31,2539.78,434.16
2026-06-18,North,Social,614,24,2206.46,368.37
2026-06-18,North,Email,310,34,3191.78,125.72
2026-06-18,North,Affiliate,399,33,2677.96,220.44
2026-06-18,West,Search,490,32,2858.34,420.0
2026-06-18,West,Social,555,19,1917.77,358.28
2026-06-18,West,Email,296,30,2674.59,124.96
2026-06-18,West,Affiliate,387,20,1918.69,228.93
2026-06-19,East,Search,689,29,2662.96,439.16
2026-06-19,East,Social,772,25,2349.5,363.89
2026-06-19,East,Email,363,30,3098.2,124.16
2026-06-19,East,Affiliate,451,30,2890.23,216.81
2026-06-19,South,Search,516,29,2512.82,415.56
2026-06-19,South,Social,654,16,1494.56,378.98
2026-06-19,South,Email,343,30,2626.76,119.63
2026-06-19,South,Affiliate,452,36,3248.62,221.12
2026-06-19,North,Search,528,29,2154.07,434.98
2026-06-19,North,Social,618,26,2526.49,386.84
2026-06-19,North,Email,289,26,1856.52,123.0
2026-06-19,North,Affiliate,420,18,1650.59,239.5
2026-06-19,West,Search,460,22,2039.59,411.19
2026-06-19,West,Social,565,24,2081.62,363.02
2026-06-19,West,Email,246,24,2214.53,122.26
2026-06-19,West,Affiliate,397,25,2221.29,237.08
2026-06-20,East,Search,657,44,4857.5,456.02
2026-06-20,East,Social,725,21,2010.13,388.71
2026-06-20,East,Email,403,38,3862.89,112.81
2026-06-20,East,Affiliate,461,30,2137.93,237.09
2026-06-20,South,Search,596,33,3182.43,442.73
2026-06-20,South,Social,662,34,3214.52,386.09
2026-06-20,South,Email,330,31,2845.74,125.06
2026-06-20,South,Affiliate,435,40,3606.78,217.79
2026-06-20,North,Search,525,33,2857.78,439.91
2026-06-20,North,Social,611,34,2853.53,353.03
2026-06-20,North,Email,308,38,3583.66,118.88
2026-06-20,North,Affiliate,342,24,2127.4,230.8
2026-06-20,West,Search,513,29,2384.57,445.34
2026-06-20,West,Social,601,28,2266.32,362.25
2026-06-20,West,Email,279,28,2315.28,111.82
2026-06-20,West,Affiliate,332,23,2345.12,220.23
2026-06-21,East,Search,642,34,3627.31,412.1
2026-06-21,East,Social,751,35,3013.73,386.15
2026-06-21,East,Email,381,40,3603.2,117.18
2026-06-21,East,Affiliate,460,32,2965.01,232.64
2026-06-21,South,Search,582,35,3279.4,448.59
2026-06-21,South,Social,702,33,3069.44,373.7
2026-06-21,South,Email,327,25,1918.78,123.56
2026-06-21,South,Affiliate,435,27,2341.58,222.42
2026-06-21,North,Search,520,37,3363.82,427.3
2026-06-21,North,Social,602,22,2053.93,368.32
2026-06-21,North,Email,313,30,2843.45,115.72
2026-06-21,North,Affiliate,375,21,1764.41,213.91
2026-06-21,West,Search,520,27,2588.26,406.57
2026-06-21,West,Social,582,23,2061.74,386.21
2026-06-21,West,Email,273,22,2187.35,114.33
2026-06-21,West,Affiliate,330,17,1661.15,230.67
2026-06-22,East,Search,667,34,3276.08,441.3
2026-06-22,East,Social,768,32,3218.16,377.57
2026-06-22,East,Email,330,36,3416.66,117.86
2026-06-22,East,Affiliate,437,18,1562.76,212.65
2026-06-22,South,Search,573,36,3405.99,418.45
2026-06-22,South,Social,666,36,3171.31,375.01
2026-06-22,South,Email,304,31,3246.4,114.31
2026-06-22,South,Affiliate,445,35,3431.09,223.38
2026-06-22,North,Search,564,27,2447.77,425.53
2026-06-22,North,Social,687,26,1910.02,382.82
2026-06-22,North,Email,320,29,2666.72,120.19
2026-06-22,North,Affiliate,380,22,2261.31,234.42
2026-06-22,West,Search,501,31,3045.75,411.14
2026-06-22,West,Social,574,20,1734.81,372.6
2026-06-22,West,Email,291,19,1862.11,111.52
2026-06-22,West,Affiliate,359,28,2365.09,227.81
2026-06-23,East,Search,646,33,2504.26,450.34
2026-06-23,East,Social,727,30,2437.39,370.19
2026-06-23,East,Email,395,29,2482.09,115.25
2026-06-23,East,Affiliate,456,28,2326.66,222.07
2026-06-23,South,Search,621,27,2703.04,415.87
2026-06-23,South,Social,672,33,3145.95,355.48
2026-06-23,South,Email,327,26,2521.58,111.32
2026-06-23,South,Affiliate,408,25,2299.36,227.99
2026-06-23,North,Search,529,28,2233.9,451.87
2026-06-23,North,Social,626,13,1218.32,351.72
2026-06-23,North,Email,255,25,2363.55,122.76
2026-06-23,North,Affiliate,379,25,2166.21,231.12
2026-06-23,West,Search,514,29,2678.49,427.44
2026-06-23,West,Social,559,26,2333.22,377.55
2026-06-23,West,Email,308,25,2414.01,110.77
2026-06-23,West,Affiliate,340,29,2432.89,217.15
2026-06-24,East,Search,655,38,3011.78,404.42
2026-06-24,East,Social,730,38,3547.81,373.68
2026-06-24,East,Email,353,34,3224.18,110.95
2026-06-24,East,Affiliate,439,38,3214.52,235.59
2026-06-24,South,Search,565,30,2779.67,405.86
2026-06-24,South,Social,662,29,2360.05,380.05
2026-06-24,South,Email,317,25,2485.5,116.34
2026-06-24,South,Affiliate,403,29,2240.59,230.57
2026-06-24,North,Search,529,23,2003.51,422.78
2026-06-24,North,Social,594,17,1672.91,376.03
2026-06-24,North,Email,297,25,1823.28,112.57
2026-06-24,North,Affiliate,385,22,2283.63,224.32
2026-06-24,West,Search,504,34,2767.93,437.53
2026-06-24,West,Social,548,23,2093.97,384.24
2026-06-24,West,Email,290,19,1642.6,114.19
2026-06-24,West,Affiliate,344,22,2138.9,230.17
2026-06-25,East,Search,645,37,3747.91,402.86
2026-06-25,East,Social,702,25,2219.38,355.49
2026-06-25,East,Email,382,31,2461.46,111.5
2026-06-25,East,Affiliate,477,33,3150.48,217.58
2026-06-25,South,Search,577,33,3121.71,438.02
2026-06-25,South,Social,616,26,2925.67,376.23
2026-06-25,South,Email,334,33,3095.8,118.9
2026-06-25,South,Affiliate,426,20,1915.01,212.89
2026-06-25,North,Search,542,34,2895.94,404.18
2026-06-25,North,Social,594,30,3089.79,366.68
2026-06-25,North,Email,309,26,2446.94,110.97
2026-06-25,North,Affiliate,411,31,2530.82,227.21
2026-06-25,West,Search,494,28,2512.98,425.78
2026-06-25,West,Social,554,33,3042.01,345.28
2026-06-25,West,Email,281,33,2487.82,121.03
2026-06-25,West,Affiliate,330,10,848.87,215.2
2026-06-26,East,Search,702,46,4593.99,445.99
2026-06-26,East,Social,730,26,2264.43,365.32
2026-06-26,East,Email,379,27,2573.51,116.42
2026-06-26,East,Affiliate,432,25,2482.95,228.27
2026-06-26,South,Search,604,37,3527.19,408.96
2026-06-26,South,Social,621,28,2534.32,368.82
2026-06-26,South,Email,333,31,2543.23,118.06
2026-06-26,South,Affiliate,399,33,2765.83,215.19
2026-06-26,North,Search,483,36,3276.79,427.78
2026-06-26,North,Social,585,29,2688.7,362.6
2026-06-26,North,Email,284,25,2338.8,114.66
2026-06-26,North,Affiliate,407,26,2383.07,231.1
2026-06-26,West,Search,465,26,2550.82,416.81
2026-06-26,West,Social,571,16,1504.92,378.04
2026-06-26,West,Email,275,25,2398.2,109.98
2026-06-26,West,Affiliate,334,26,2144.69,224.51
2026-06-27,East,Search,651,28,2821.86,418.77
2026-06-27,East,Social,771,25,2198.29,372.36
2026-06-27,East,Email,363,32,3364.61,118.06
2026-06-27,East,Affiliate,456,32,2268.78,226.52
2026-06-27,South,Search,601,45,3900.17,420.28
2026-06-27,South,Social,671,29,2500.15,358.77
2026-06-27,South,Email,331,16,1329.84,121.14
2026-06-27,South,Affiliate,381,31,2984.68,228.16
2026-06-27,North,Search,529,25,2534.99,413.49
2026-06-27,North,Social,590,23,2134.68,347.53
2026-06-27,North,Email,298,20,2036.9,120.98
2026-06-27,North,Affiliate,367,16,1418.43,212.56
2026-06-27,West,Search,512,28,2590.8,403.11
2026-06-27,West,Social,550,21,1792.34,361.96
2026-06-27,West,Email,267,28,2563.84,117.8
2026-06-27,West,Affiliate,335,19,1900.73,223.15
2026-06-28,East,Search,632,35,3158.13,425.21
2026-06-28,East,Social,779,37,3376.49,359.8
2026-06-28,East,Email,356,34,3297.36,119.44
2026-06-28,East,Affiliate,433,29,2935.35,229.87
2026-06-28,South,Search,584,21,2030.22,439.31
2026-06-28,South,Social,615,26,2132.42,383.0
2026-06-28,South,Email,341,26,2439.48,110.96
2026-06-28,South,Affiliate,434,34,3171.7,211.71
2026-06-28,North,Search,511,21,1836.17,430.66
2026-06-28,North,Social,613,25,2513.83,371.51
2026-06-28,North,Email,296,32,2881.22,114.79
2026-06-28,North,Affiliate,379,24,2272.92,211.84
2026-06-28,West,Search,485,25,2437.39,425.65
2026-06-28,West,Social,597,16,1808.6,372.84
2026-06-28,West,Email,275,33,2751.05,115.74
2026-06-28,West,Affiliate,316,9,796.35,213.45
2026-06-29,East,Search,678,45,4356.87,421.93
2026-06-29,East,Social,677,24,2077.68,365.6
2026-06-29,East,Email,366,26,2467.66,117.93
2026-06-29,East,Affiliate,439,36,3283.24,233.57
2026-06-29,South,Search,580,39,3517.5,416.98
2026-06-29,South,Social,702,28,2339.5,346.13
2026-06-29,South,Email,335,21,2109.83,116.74
2026-06-29,South,Affiliate,409,26,2396.6,220.63
2026-06-29,North,Search,526,30,2780.62,401.37
2026-06-29,North,Social,591,25,2392.94,358.22
2026-06-29,North,Email,323,30,2772.88,114.65
2026-06-29,North,Affiliate,367,30,2376.19,225.38
2026-06-29,West,Search,504,27,2115.7,430.12
2026-06-29,West,Social,524,21,1819.92,353.44
2026-06-29,West,Email,293,28,2317.19,116.9
2026-06-29,West,Affiliate,293,23,2221.5,226.8
2026-06-30,East,Search,643,26,2592.36,420.81
2026-06-30,East,Social,747,27,2100.61,358.98
2026-06-30,East,Email,372,24,2559.73,110.92
2026-06-30,East,Affiliate,432,32,2845.09,219.23
2026-06-30,South,Search,533,22,2072.78,409.32
2026-06-30,South,Social,603,15,1467.39,351.56
2026-06-30,South,Email,328,28,2814.77,115.56
2026-06-30,South,Affiliate,399,30,2553.8,213.78
2026-06-30,North,Search,522,27,2922.9,434.41
2026-06-30,North,Social,536,14,1227.84,341.53
2026-06-30,North,Email,287,23,2253.18,117.72
2026-06-30,North,Affiliate,412,32,2845.13,229.89
2026-06-30,West,Search,523,23,2148.77,445.1
2026-06-30,West,Social,537,19,2056.18,342.53
2026-06-30,West,Email,278,21,2073.27,121.73
2026-06-30,West,Affiliate,323,23,2371.64,222.57
2026-07-01,East,Search,795,42,4230.13,434.23
2026-07-01,East,Social,871,40,4669.45,373.68
2026-07-01,East,Email,396,43,3744.32,114.95
2026-07-01,East,Affiliate,571,26,1866.4,221.81
2026-07-01,South,Search,658,45,4846.14,411.92
2026-07-01,South,Social,753,20,1816.14,350.95
2026-07-01,South,Email,380,34,2793.69,120.03
2026-07-01,South,Affiliate,508,45,4114.56,228.78
2026-07-01,North,Search,588,25,1846.87,408.63
2026-07-01,North,Social,695,27,2581.7,358.74
2026-07-01,North,Email,322,20,1558.99,120.53
2026-07-01,North,Affiliate,473,31,2248.9,227.12
2026-07-01,West,Search,543,34,2937.11,398.51
2026-07-01,West,Social,674,28,2742.52,377.55
2026-07-01,West,Email,329,19,1818.97,121.21
2026-07-01,West,Affiliate,355,26,2420.93,225.62
2026-07-02,East,Search,641,36,2870.14,431.09
2026-07-02,East,Social,765,25,2201.42,353.01
2026-07-02,East,Email,379,30,2968.6,119.01
2026-07-02,East,Affiliate,461,36,3593.78,224.27
2026-07-02,South,Search,602,41,3054.03,414.06
2026-07-02,South,Social,622,17,1462.95,353.83
2026-07-02,South,Email,328,32,2801.03,118.7
2026-07-02,South,Affiliate,388,19,1785.3,217.11
2026-07-02,North,Search,527,27,2048.93,395.15
2026-07-02,North,Social,578,32,3356.61,342.11
2026-07-02,North,Email,284,30,2492.06,119.21
2026-07-02,North,Affiliate,364,19,1735.4,209.61
2026-07-02,West,Search,496,28,2508.21,423.15
2026-07-02,West,Social,542,21,1944.1,345.65
2026-07-02,West,Email,291,24,2253.72,110.81
2026-07-02,West,Affiliate,305,17,1195.63,217.18
2026-07-03,East,Search,637,30,2334.55,436.52
2026-07-03,East,Social,689,27,2534.15,349.85
2026-07-03,East,Email,365,32,3272.13,109.74
2026-07-03,East,Affiliate,419,35,3003.3,229.56
2026-07-03,South,Search,571,40,3028.75,397.58
2026-07-03,South,Social,628,27,2323.05,349.57
2026-07-03,South,Email,321,26,2255.6,109.98
2026-07-03,South,Affiliate,413,23,2018.38,207.75
2026-07-03,North,Search,559,44,4060.56,417.55
2026-07-03,North,Social,590,24,2375.22,350.95
2026-07-03,North,Email,310,24,2033.84,119.85
2026-07-03,North,Affiliate,402,29,2632.77,216.75
2026-07-03,West,Search,496,26,2279.37,395.77
2026-07-03,West,Social,532,28,2680.46,337.93
2026-07-03,West,Email,281,30,3158.5,115.88
2026-07-03,West,Affiliate,323,25,2176.62,206.4
2026-07-04,East,Search,658,25,2736.55,429.33
2026-07-04,East,Social,736,29,2835.34,352.64
2026-07-04,East,Email,411,24,2135.28,112.28
2026-07-04,East,Affiliate,478,31,2864.52,219.61
2026-07-04,South,Search,608,39,3706.45,428.95
2026-07-04,South,Social,685,24,2080.22,349.78
2026-07-04,South,Email,340,40,3443.96,107.75
2026-07-04,South,Affiliate,401,27,2694.82,231.4
2026-07-04,North,Search,529,36,3180.67,417.9
2026-07-04,North,Social,607,25,2114.85,354.45
2026-07-04,North,Email,294,26,2404.55,110.94
2026-07-04,North,Affiliate,340,20,1859.97,214.58
2026-07-04,West,Search,468,26,2371.31,413.67
2026-07-04,West,Social,531,17,1511.73,346.34
2026-07-04,West,Email,264,28,2452.13,121.13
2026-07-04,West,Affiliate,341,25,2321.09,206.16
2026-07-05,East,Search,638,27,2839.88,430.23
2026-07-05,East,Social,692,30,2594.62,362.92
2026-07-05,East,Email,396,39,3892.07,116.9
2026-07-05,East,Affiliate,454,24,2061.24,219.07
2026-07-05,South,Search,549,28,2777.17,404.79
2026-07-05,South,Social,654,22,2311.34,342.63
2026-07-05,South,Email,321,35,2956.17,111.41
2026-07-05,South,Affiliate,365,30,2685.04,216.41
2026-07-05,North,Search,529,37,3409.32,436.64
2026-07-05,North,Social,583,17,1686.47,360.96
2026-07-05,North,Email,274,28,2265.49,115.69
2026-07-05,North,Affiliate,337,29,2713.5,221.87
2026-07-05,West,Search,486,39,3620.64,414.74
2026-07-05,West,Social,546,22,2013.79,376.43
2026-07-05,West,Email,270,33,2968.7,116.61
2026-07-05,West,Affiliate,355,23,2069.12,225.82
2026-07-06,East,Search,647,36,3434.28,394.86
2026-07-06,East,Social,681,21,1918.11,341.14
2026-07-06,East,Email,371,38,3657.57,114.23
2026-07-06,East,Affiliate,438,27,2252.03,224.15
2026-07-06,South,Search,607,40,3773.69,429.92
2026-07-06,South,Social,641,36,3318.52,347.4
2026-07-06,South,Email,312,28,2787.42,112.12
2026-07-06,South,Affiliate,379,19,1691.28,224.53
2026-07-06,North,Search,528,30,2352.33,399.17
2026-07-06,North,Social,608,18,1450.39,349.37
2026-07-06,North,Email,279,31,2944.32,120.26
2026-07-06,North,Affiliate,357,32,3099.45,212.02
2026-07-06,West,Search,495,31,2947.19,398.32
2026-07-06,West,Social,539,23,2247.99,369.54
2026-07-06,West,Email,292,38,3500.08,111.64
2026-07-06,West,Affiliate,342,23,1620.33,223.61
2026-07-07,East,Search,641,41,3854.18,416.53
2026-07-07,East,Social,746,41,4008.03,338.81
2026-07-07,East,Email,354,29,2670.8,114.49
2026-07-07,East,Affiliate,469,29,2951.01,219.05
2026-07-07,South,Search,566,42,3961.17,397.14
2026-07-07,South,Social,665,24,2305.07,373.98
2026-07-07,South,Email,300,24,2091.47,115.31
2026-07-07,South,Affiliate,420,26,2259.36,229.71
2026-07-07,North,Search,516,30,2528.22,398.63
2026-07-07,North,Social,592,21,1957.28,374.17
2026-07-07,North,Email,287,28,2475.72,117.61
2026-07-07,North,Affiliate,386,26,2302.05,216.74
2026-07-07,West,Search,453,30,3137.81,437.29
2026-07-07,West,Social,533,19,1636.62,342.25
2026-07-07,West,Email,270,30,2661.25,113.58
2026-07-07,West,Affiliate,347,26,2378.87,222.25
2026-07-08,East,Search,637,52,4468.17,426.38
2026-07-08,East,Social,736,37,2615.56,366.55
2026-07-08,East,Email,375,33,3078.49,119.43
2026-07-08,East,Affiliate,435,34,3194.97,216.21
2026-07-08,South,Search,542,32,2339.23,427.54
2026-07-08,South,Social,687,25,2033.61,366.25
2026-07-08,South,Email,303,29,2711.2,116.04
2026-07-08,South,Affiliate,407,20,1805.15,204.57
2026-07-08,North,Search,530,32,2377.01,421.39
2026-07-08,North,Social,592,25,2400.22,353.39
2026-07-08,North,Email,313,29,2517.57,114.27
2026-07-08,North,Affiliate,358,22,1963.74,228.49
2026-07-08,West,Search,445,32,2766.01,428.92
2026-07-08,West,Social,572,25,2206.18,357.35
2026-07-08,West,Email,250,19,1807.01,110.9
2026-07-08,West,Affiliate,336,24,2404.83,212.89
2026-07-09,East,Search,663,43,3770.28,424.12
2026-07-09,East,Social,716,18,1535.55,341.47
2026-07-09,East,Email,372,34,3146.81,117.68
2026-07-09,East,Affiliate,491,38,3742.47,214.81
2026-07-09,South,Search,565,34,3268.31,397.15
2026-07-09,South,Social,600,24,2051.48,355.93
2026-07-09,South,Email,318,32,2688.25,110.78
2026-07-09,South,Affiliate,411,16,1459.74,212.75
2026-07-09,North,Search,496,34,2926.77,399.16
2026-07-09,North,Social,638,26,2691.72,364.35
2026-07-09,North,Email,291,25,2530.82,112.71
2026-07-09,North,Affiliate,361,14,1026.02,214.79
2026-07-09,West,Search,485,33,2601.52,434.05
2026-07-09,West,Social,538,19,1992.45,370.74
2026-07-09,West,Email,276,21,1680.46,113.12
2026-07-09,West,Affiliate,339,28,2633.98,204.91
2026-07-10,East,Search,643,35,3335.56,388.62
2026-07-10,East,Social,696,34,3394.42,331.56
2026-07-10,East,Email,373,32,2709.13,106.76
2026-07-10,East,Affiliate,464,24,2279.95,227.17
2026-07-10,South,Search,581,26,2556.19,393.95
2026-07-10,South,Social,634,27,2542.5,367.43
2026-07-10,South,Email,284,29,2582.5,106.06
2026-07-10,South,Affiliate,404,33,2919.15,222.97
2026-07-10,North,Search,524,24,2289.55,416.89
2026-07-10,North,Social,585,25,2184.91,370.1
2026-07-10,North,Email,285,26,2549.94,110.28
2026-07-10,North,Affiliate,368,22,2066.61,210.25
2026-07-10,West,Search,467,18,1354.91,392.26
2026-07-10,West,Social,533,22,1875.13,333.13
2026-07-10,West,Email,265,21,2072.79,112.81
2026-07-10,West,Affiliate,323,19,1594.67,215.05
2026-07-11,East,Search,639,32,3045.12,397.85
2026-07-11,East,Social,723,31,2848.44,364.6
2026-07-11,East,Email,338,29,2465.16,107.87
2026-07-11,East,Affiliate,443,29,2990.22,220.16
2026-07-11,South,Search,537,35,2973.3,395.55
2026-07-11,South,Social,599,24,2388.18,351.9
2026-07-11,South,Email,335,37,3574.93,119.11
2026-07-11,South,Affiliate,411,20,1751.2,207.97
2026-07-11,North,Search,502,26,2425.29,403.71
2026-07-11,North,Social,577,21,2059.36,348.71
2026-07-11,North,Email,301,34,3079.72,114.01
2026-07-11,North,Affiliate,363,17,1472.91,215.45
2026-07-11,West,Search,461,26,2200.0,407.15
2026-07-11,West,Social,563,25,2259.19,368.81
2026-07-11,West,Email,276,23,1962.95,115.27
2026-07-11,West,Affiliate,304,20,2044.33,209.99
2026-07-12,East,Search,628,29,2521.34,427.38
2026-07-12,East,Social,690,27,2283.12,338.05
2026-07-12,East,Email,362,29,2275.26,106.37
2026-07-12,East,Affiliate,470,35,3539.93,222.17
2026-07-12,South,Search,579,33,3171.33,433.49
2026-07-12,South,Social,590,20,1791.55,347.7
2026-07-12,South,Email,313,35,2986.24,114.88
2026-07-12,South,Affiliate,394,35,3724.96,220.57
2026-07-12,North,Search,524,33,2848.6,411.22
2026-07-12,North,Social,600,23,2203.51,344.17
2026-07-12,North,Email,297,28,2559.03,112.51
2026-07-12,North,Affiliate,346,27,2601.73,213.33
2026-07-12,West,Search,473,22,2285.15,404.29
2026-07-12,West,Social,533,16,1497.65,333.03
2026-07-12,West,Email,304,30,2491.67,116.06
2026-07-12,West,Affiliate,330,16,1568.96,217.59
2026-07-13,East,Search,675,46,3953.32,401.37
2026-07-13,East,Social,762,25,2346.31,336.53
2026-07-13,East,Email,352,30,2892.3,114.6
2026-07-13,East,Affiliate,451,25,2285.03,211.23
2026-07-13,South,Search,610,36,3494.51,419.99
2026-07-13,South,Social,663,30,2599.14,367.55
2026-07-13,South,Email,311,21,1896.76,110.61
2026-07-13,South,Affiliate,377,29,2843.79,215.7
2026-07-13,North,Search,524,30,2302.25,388.27
2026-07-13,North,Social,567,28,2609.09,329.13
2026-07-13,North,Email,273,29,2616.1,118.5
2026-07-13,North,Affiliate,371,18,1434.62,213.17
2026-07-13,West,Search,443,23,1843.98,414.59
2026-07-13,West,Social,526,19,1600.72,349.92
2026-07-13,West,Email,272,32,2892.8,107.02
2026-07-13,West,Affiliate,328,23,1762.13,203.57
2026-07-14,East,Search,630,34,2729.04,389.06
2026-07-14,East,Social,651,21,1504.49,367.1
2026-07-14,East,Email,360,32,2676.59,105.81
2026-07-14,East,Affiliate,413,19,1693.25,202.67
2026-07-14,South,Search,554,43,3234.21,386.0
2026-07-14,South,Social,652,22,1882.79,355.98
2026-07-14,South,Email,307,28,2253.54,112.91
2026-07-14,South,Affiliate,376,29,2229.41,212.36
2026-07-14,North,Search,471,33,2835.02,404.57
2026-07-14,North,Social,587,20,1704.42,338.7
2026-07-14,North,Email,299,38,3196.85,116.82
2026-07-14,North,Affiliate,372,15,1147.4,226.11
2026-07-14,West,Search,497,27,2310.13,422.86
2026-07-14,West,Social,539,21,1602.02,368.2
2026-07-14,West,Email,272,25,2408.34,111.04
2026-07-14,West,Affiliate,320,16,1436.3,205.09
2026-07-15,East,Search,721,42,4025.14,393.54
2026-07-15,East,Social,844,34,3081.8,336.43
2026-07-15,East,Email,404,42,4148.56,116.45
2026-07-15,East,Affiliate,541,27,2764.15,203.77
2026-07-15,South,Search,683,40,3379.17,430.61
2026-07-15,South,Social,746,42,3866.76,344.16
2026-07-15,South,Email,363,35,2618.14,114.67
2026-07-15,South,Affiliate,474,36,3545.69,211.14
2026-07-15,North,Search,596,33,3043.69,413.96
2026-07-15,North,Social,650,23,2096.5,356.51
2026-07-15,North,Email,344,34,2961.5,115.34
2026-07-15,North,Affiliate,431,25,2348.69,215.54
2026-07-15,West,Search,526,33,2674.84,396.35
2026-07-15,West,Social,596,24,2228.07,362.83
2026-07-15,West,Email,303,26,2455.58,117.8
2026-07-15,West,Affiliate,377,30,2463.18,214.25
2026-07-16,East,Search,640,31,2426.95,409.77
2026-07-16,East,Social,656,25,2576.49,359.77
2026-07-16,East,Email,372,31,2487.73,116.73
2026-07-16,East,Affiliate,421,32,3023.48,201.69
2026-07-16,South,Search,546,38,3946.04,417.1
2026-07-16,South,Social,602,25,2116.43,364.07
2026-07-16,South,Email,301,25,2351.39,109.98
2026-07-16,South,Affiliate,386,31,2948.84,206.26
2026-07-16,North,Search,524,32,2865.41,424.99
2026-07-16,North,Social,558,18,1550.23,364.07
2026-07-16,North,Email,249,15,1296.67,110.71
2026-07-16,North,Affiliate,382,36,3275.49,210.63
2026-07-16,West,Search,486,20,1888.3,385.61
2026-07-16,West,Social,493,22,1974.37,348.7
2026-07-16,West,Email,234,19,1501.94,105.79
2026-07-16,West,Affiliate,346,22,1996.5,218.7
2026-07-17,East,Search,646,41,3258.85,415.03
2026-07-17,East,Social,732,34,3079.78,335.91
2026-07-17,East,Email,324,22,2057.51,108.68
2026-07-17,East,Affiliate,461,35,3241.14,201.29
2026-07-17,South,Search,547,31,2807.13,399.78
2026-07-17,South,Social,661,21,2129.73,359.59
2026-07-17,South,Email,307,23,2037.62,109.85
2026-07-17,South,Affiliate,377,22,1741.93,209.38
2026-07-17,North,Search,506,32,3417.12,410.4
2026-07-17,North,Social,607,21,2066.86,352.27
2026-07-17,North,Email,292,35,2981.12,116.51
2026-07-17,North,Affiliate,370,32,3129.44,209.34
2026-07-17,West,Search,457,32,3010.27,380.97
2026-07-17,West,Social,520,30,3092.94,340.89
2026-07-17,West,Email,259,26,2147.99,109.55
2026-07-17,West,Affiliate,352,25,2504.13,213.7
2026-07-18,East,Search,617,32,2841.87,381.39
2026-07-18,East,Social,675,27,2213.18,344.48
2026-07-18,East,Email,383,35,2949.03,116.49
2026-07-18,East,Affiliate,449,43,3461.5,224.05
2026-07-18,South,Search,529,23,2086.83,420.01
2026-07-18,South,Social,646,27,2038.29,356.81
2026-07-18,South,Email,320,21,2083.08,114.79
2026-07-18,South,Affiliate,347,14,1102.04,206.06
2026-07-18,North,Search,521,26,2075.72,394.27
2026-07-18,North,Social,589,24,1955.44,358.28
2026-07-18,North,Email,297,35,2609.44,116.53
2026-07-18,North,Affiliate,372,27,2246.9,210.74
2026-07-18,West,Search,479,30,2785.35,402.07
2026-07-18,West,Social,514,19,1647.83,353.11
2026-07-18,West,Email,308,32,2868.38,105.03
2026-07-18,West,Affiliate,304,15,1364.06,211.42
2026-07-19,East,Search,607,26,2508.83,388.81
2026-07-19,East,Social,707,33,2686.22,335.51
2026-07-19,East,Email,324,34,2983.92,111.29
2026-07-19,East,Affiliate,411,27,2892.88,211.53
2026-07-19,South,Search,523,22,2355.75,402.85
2026-07-19,South,Social,623,32,3246.27,358.83
2026-07-19,South,Email,305,26,2153.4,115.61
2026-07-19,South,Affiliate,372,20,2015.73,211.62
2026-07-19,North,Search,528,29,2631.01,419.65
2026-07-19,North,Social,563,19,1818.26,344.84
2026-07-19,North,Email,299,23,2076.61,105.76
2026-07-19,North,Affiliate,369,33,3033.27,212.87
2026-07-19,West,Search,447,18,1825.54,412.99
2026-07-19,West,Social,523,18,1719.86,340.01
2026-07-19,West,Email,261,22,2154.21,109.61
2026-07-19,West,Affiliate,312,25,2222.36,211.51
2026-07-20,East,Search,568,36,2869.87,386.62
2026-07-20,East,Social,668,33,3206.79,344.57
2026-07-20,East,Email,376,38,3672.96,109.63
2026-07-20,East,Affiliate,452,38,3203.37,220.58
2026-07-20,South,Search,557,23,2087.7,411.71
2026-07-20,South,Social,611,23,2591.37,358.29
2026-07-20,South,Email,326,29,2388.31,104.71
2026-07-20,South,Affiliate,406,30,2979.52,201.61
2026-07-20,North,Search,505,32,3178.27,417.15
2026-07-20,North,Social,529,16,1392.26,338.53
2026-07-20,North,Email,323,33,2741.2,114.74
2026-07-20,North,Affiliate,337,30,2799.53,220.97
2026-07-20,West,Search,472,26,2455.0,378.57
2026-07-20,West,Social,525,24,2045.81,353.6
2026-07-20,West,Email,271,25,1934.09,104.39
2026-07-20,West,Affiliate,294,24,1895.53,211.53
2026-07-21,East,Search,587,41,3175.7,394.71
2026-07-21,East,Social,674,18,1636.08,360.04
2026-07-21,East,Email,344,23,1992.5,105.46
2026-07-21,East,Affiliate,416,27,2417.91,220.93
2026-07-21,South,Search,504,32,2865.54,386.19
2026-07-21,South,Social,587,19,1583.23,349.1
2026-07-21,South,Email,336,36,3441.14,111.63
2026-07-21,South,Affiliate,424,26,2263.12,210.31
2026-07-21,North,Search,514,24,1945.44,405.29
2026-07-21,North,Social,551,31,3094.06,324.29
2026-07-21,North,Email,298,26,2181.38,112.3
2026-07-21,North,Affiliate,307,18,1695.44,220.85
2026-07-21,West,Search,422,30,2443.98,417.52
2026-07-21,West,Social,523,18,1757.26,342.59
2026-07-21,West,Email,256,24,2261.58,111.73
2026-07-21,West,Affiliate,297,11,947.68,213.36
2026-07-22,East,Search,599,29,2573.91,385.83
2026-07-22,East,Social,719,29,2339.23,356.46
2026-07-22,East,Email,336,27,2942.49,103.65
2026-07-22,East,Affiliate,432,34,2985.49,201.29
2026-07-22,South,Search,600,42,3676.48,393.98
2026-07-22,South,Social,678,24,2406.56,349.65
2026-07-22,South,Email,342,34,3699.37,104.65
2026-07-22,South,Affiliate,395,22,2066.87,217.55
2026-07-22,North,Search,496,34,3043.58,400.98
2026-07-22,North,Social,567,23,2125.78,344.39
2026-07-22,North,Email,279,27,2005.92,109.64
2026-07-22,North,Affiliate,376,29,2609.15,200.48
2026-07-22,West,Search,485,26,2066.47,418.04
2026-07-22,West,Social,546,14,1405.67,325.45
2026-07-22,West,Email,261,22,1898.37,113.33
2026-07-22,West,Affiliate,334,19,1750.22,205.83
2026-07-23,East,Search,605,33,3052.83,413.62
2026-07-23,East,Social,694,28,2584.95,361.1
2026-07-23,East,Email,340,34,3435.57,104.13
2026-07-23,East,Affiliate,387,21,1995.39,209.47
2026-07-23,South,Search,517,29,2305.47,386.75
2026-07-23,South,Social,594,21,1928.38,340.47
2026-07-23,South,Email,289,30,2950.34,112.64
2026-07-23,South,Affiliate,387,31,2827.39,208.82
2026-07-23,North,Search,519,21,1809.56,387.48
2026-07-23,North,Social,556,22,2143.25,352.48
2026-07-23,North,Email,256,27,2486.97,107.39
2026-07-23,North,Affiliate,374,21,1821.75,202.66
2026-07-23,West,Search,435,15,1154.77,397.72
2026-07-23,West,Social,519,23,2093.0,329.95
2026-07-23,West,Email,266,36,2968.53,115.31
2026-07-23,West,Affiliate,296,30,2662.74,212.44
2026-07-24,East,Search,629,36,3195.15,414.86
2026-07-24,East,Social,671,19,2043.76,333.44
2026-07-24,East,Email,314,29,2701.69,109.14
2026-07-24,East,Affiliate,407,22,2001.3,212.87
2026-07-24,South,Search,538,29,2527.86,399.47
2026-07-24,South,Social,694,35,2499.35,329.91
2026-07-24,South,Email,333,27,2282.87,111.75
2026-07-24,South,Affiliate,384,28,2448.82,200.6
2026-07-24,North,Search,518,32,2502.2,405.59
2026-07-24,North,Social,578,22,1789.77,324.2
2026-07-24,North,Email,293,17,1483.12,103.87
2026-07-24,North,Affiliate,338,37,3281.85,199.62
2026-07-24,West,Search,455,31,2574.2,374.37
2026-07-24,West,Social,550,15,1437.39,324.65
2026-07-24,West,Email,257,26,2301.88,110.73
2026-07-24,West,Affiliate,335,15,1510.66,209.86
2026-07-25,East,Search,623,30,2539.42,390.24
2026-07-25,East,Social,657,30,2482.74,325.07
2026-07-25,East,Email,372,32,3053.74,106.58
2026-07-25,East,Affiliate,450,33,3182.46,199.04
2026-07-25,South,Search,531,26,1998.78,383.04
2026-07-25,South,Social,639,34,3532.56,352.0
2026-07-25,South,Email,309,19,1923.33,112.84
2026-07-25,South,Affiliate,407,30,2838.04,210.42
2026-07-25,North,Search,526,32,2891.55,412.93
2026-07-25,North,Social,568,21,1768.31,319.86
2026-07-25,North,Email,308,29,2643.71,108.46
2026-07-25,North,Affiliate,322,19,1678.39,204.57
2026-07-25,West,Search,445,24,2136.18,410.39
2026-07-25,West,Social,496,15,1452.94,356.78
2026-07-25,West,Email,210,25,2546.19,105.55
2026-07-25,West,Affiliate,309,18,1698.98,202.66
2026-07-26,East,Search,579,28,2549.32,381.82
2026-07-26,East,Social,684,22,2029.78,336.5
2026-07-26,East,Email,332,39,3880.11,110.91
2026-07-26,East,Affiliate,469,30,2924.49,217.83
2026-07-26,South,Search,556,25,2457.54,373.13
2026-07-26,South,Social,587,25,2389.37,357.7
2026-07-26,South,Email,287,22,2032.92,113.5
2026-07-26,South,Affiliate,369,26,2209.09,207.77
2026-07-26,North,Search,508,22,1878.8,390.34
2026-07-26,North,Social,544,25,2142.43,336.84
2026-07-26,North,Email,273,28,2362.7,107.71
2026-07-26,North,Affiliate,360,29,2512.8,209.82
2026-07-26,West,Search,455,32,2086.71,393.16
2026-07-26,West,Social,528,20,1753.21,352.05
2026-07-26,West,Email,283,31,2418.54,105.6
2026-07-26,West,Affiliate,331,20,2045.34,207.86
2026-07-27,East,Search,598,37,3617.0,372.96
2026-07-27,East,Social,683,27,2112.78,335.72
2026-07-27,East,Email,344,34,2721.73,113.5
2026-07-27,East,Affiliate,404,27,2667.63,211.51
2026-07-27,South,Search,509,30,2612.26,409.82
2026-07-27,South,Social,592,22,1894.23,352.3
2026-07-27,South,Email,306,22,2183.69,106.53
2026-07-27,South,Affiliate,403,22,2198.37,215.76
2026-07-27,North,Search,533,34,2570.09,406.93
2026-07-27,North,Social,588,20,1710.12,347.16
2026-07-27,North,Email,264,25,2198.18,110.76
2026-07-27,North,Affiliate,363,26,2432.89,214.56
2026-07-27,West,Search,428,24,1978.62,377.92
2026-07-27,West,Social,502,17,1119.9,326.9
2026-07-27,West,Email,241,28,2630.54,107.07
2026-07-27,West,Affiliate,337,30,2755.62,213.71
2026-07-28,East,Search,620,38,3747.14,382.61
2026-07-28,East,Social,686,29,2681.3,322.83
2026-07-28,East,Email,328,31,2823.42,102.73
2026-07-28,East,Affiliate,426,30,2757.02,200.68
2026-07-28,South,Search,509,27,2141.19,372.79
2026-07-28,South,Social,580,23,2180.47,337.26
2026-07-28,South,Email,291,24,2210.05,104.52
2026-07-28,South,Affiliate,381,21,1914.08,194.78
2026-07-28,North,Search,471,27,2408.74,405.12
2026-07-28,North,Social,589,17,1527.36,333.54
2026-07-28,North,Email,280,26,2483.6,111.61
2026-07-28,North,Affiliate,348,20,1931.79,200.03
2026-07-28,West,Search,459,31,3066.62,413.24
2026-07-28,West,Social,517,15,1234.79,353.81
2026-07-28,West,Email,240,26,2080.55,108.05
2026-07-28,West,Affiliate,309,22,2129.37,206.22
2026-07-29,East,Search,597,33,3362.09,376.14
2026-07-29,East,Social,683,23,1615.03,352.08
2026-07-29,East,Email,317,30,2385.56,110.05
2026-07-29,East,Affiliate,442,37,3164.99,200.62
2026-07-29,South,Search,524,39,2969.26,385.36
2026-07-29,South,Social,611,31,2703.27,334.93
2026-07-29,South,Email,314,41,3775.51,108.56
2026-07-29,South,Affiliate,415,21,2078.32,194.84
2026-07-29,North,Search,500,26,2254.33,379.64
2026-07-29,North,Social,599,17,1534.35,322.55
2026-07-29,North,Email,289,24,1988.14,105.26
2026-07-29,North,Affiliate,388,16,1520.51,202.79
2026-07-29,West,Search,444,19,1688.85,374.6
2026-07-29,West,Social,506,23,2134.84,334.78
2026-07-29,West,Email,232,11,832.73,106.35
2026-07-29,West,Affiliate,315,18,1545.64,195.55
2026-07-30,East,Search,620,26,2744.17,389.16
2026-07-30,East,Social,652,26,2375.62,352.69
2026-07-30,East,Email,373,29,2565.84,104.97
2026-07-30,East,Affiliate,439,25,2434.11,207.59
2026-07-30,South,Search,525,29,2462.82,410.63
2026-07-30,South,Social,622,27,2115.48,333.18
2026-07-30,South,Email,276,23,2089.04,102.75
2026-07-30,South,Affiliate,362,17,1664.25,194.54
2026-07-30,North,Search,494,31,2722.34,381.22
2026-07-30,North,Social,508,18,1180.85,353.46
2026-07-30,North,Email,239,19,1615.33,109.13
2026-07-30,North,Affiliate,350,34,2976.5,216.36
2026-07-30,West,Search,461,28,2483.53,393.95
2026-07-30,West,Social,534,20,1505.31,345.16
2026-07-30,West,Email,254,25,2219.0,101.83
2026-07-30,West,Affiliate,323,30,2544.51,211.04
2026-07-31,East,Search,599,32,3074.72,400.3
2026-07-31,East,Social,658,34,3083.68,317.99
2026-07-31,East,Email,341,26,2590.83,107.23
2026-07-31,East,Affiliate,445,38,2741.49,208.81
2026-07-31,South,Search,569,33,3219.27,408.54
2026-07-31,South,Social,583,23,2137.88,318.72
2026-07-31,South,Email,285,30,2637.19,101.83
2026-07-31,South,Affiliate,362,23,1969.55,205.22
2026-07-31,North,Search,488,27,2261.65,381.61
2026-07-31,North,Social,583,25,2337.64,348.85
2026-07-31,North,Email,279,21,2111.1,108.83
2026-07-31,North,Affiliate,338,26,2373.5,205.71
2026-07-31,West,Search,497,31,2958.5,378.52
2026-07-31,West,Social,497,12,1026.52,316.94
2026-07-31,West,Email,237,17,1396.38,101.57
2026-07-31,West,Affiliate,296,27,2425.07,194.69
2026-08-01,East,Search,702,38,3248.9,399.66
2026-08-01,East,Social,816,38,3208.88,341.62
2026-08-01,East,Email,424,38,3588.54,106.2
2026-08-01,East,Affiliate,495,39,4039.18,199.81
2026-08-01,South,Search,664,38,3477.37,402.78
2026-08-01,South,Social,767,17,1631.14,342.59
2026-08-01,South,Email,378,37,4322.3,102.33
2026-08-01,South,Affiliate,429,31,2966.97,203.46
2026-08-01,North,Search,547,36,3217.3,387.53
2026-08-01,North,Social,683,30,3436.63,338.8
2026-08-01,North,Email,317,25,1981.67,102.91
2026-08-01,North,Affiliate,396,32,3423.39,196.12
2026-08-01,West,Search,528,29,2547.04,369.51
2026-08-01,West,Social,551,22,1857.37,350.89
2026-08-01,West,Email,303,38,3303.52,104.23
2026-08-01,West,Affiliate,366,26,2082.88,213.25
2026-08-02,East,Search,607,29,2650.74,404.11
2026-08-02,East,Social,696,23,2347.24,323.24
2026-08-02,East,Email,333,42,3757.11,104.7
2026-08-02,East,Affiliate,417,30,2953.29,213.8
2026-08-02,South,Search,532,36,3547.64,396.59
2026-08-02,South,Social,597,27,2621.56,338.86
2026-08-02,South,Email,299,25,2634.25,106.85
2026-08-02,South,Affiliate,355,20,1890.28,210.15
2026-08-02,North,Search,513,32,3218.62,392.42
2026-08-02,North,Social,515,19,1808.65,319.42
2026-08-02,North,Email,251,22,2130.27,107.68
2026-08-02,North,Affiliate,348,25,2366.14,193.08
2026-08-02,West,Search,447,19,1745.86,385.5
2026-08-02,West,Social,490,12,1041.73,324.79
2026-08-02,West,Email,208,15,1329.77,102.06
2026-08-02,West,Affiliate,297,13,1020.15,212.27
2026-08-03,East,Search,585,42,3279.45,387.2
2026-08-03,East,Social,696,30,2545.22,347.71
2026-08-03,East,Email,361,30,2904.9,106.99
2026-08-03,East,Affiliate,447,35,3035.21,198.25
2026-08-03,South,Search,559,28,2694.35,367.53
2026-08-03,South,Social,541,25,2132.02,334.38
2026-08-03,South,Email,312,30,2668.74,111.55
2026-08-03,South,Affiliate,366,35,3453.64,207.71
2026-08-03,North,Search,546,53,4819.2,388.03
2026-08-03,North,Social,575,26,2324.18,332.81
2026-08-03,North,Email,281,25,2374.95,100.28
2026-08-03,North,Affiliate,344,28,3056.66,203.94
2026-08-03,West,Search,433,23,2062.51,399.08
2026-08-03,West,Social,512,19,1702.84,346.99
2026-08-03,West,Email,247,24,2219.46,101.47
2026-08-03,West,Affiliate,298,19,1812.46,208.75
2026-08-04,East,Search,619,28,2640.84,411.1
2026-08-04,East,Social,696,27,2679.4,335.63
2026-08-04,East,Email,340,35,3213.48,105.07
2026-08-04,East,Affiliate,387,29,2786.94,210.64
2026-08-04,South,Search,505,33,2681.12,364.79
2026-08-04,South,Social,607,19,1783.82,347.33
2026-08-04,South,Email,267,22,1956.35,104.8
2026-08-04,South,Affiliate,374,30,3116.26,205.5
2026-08-04,North,Search,510,25,1905.21,408.78
2026-08-04,North,Social,566,23,1941.18,340.24
2026-08-04,North,Email,304,27,2664.87,104.73
2026-08-04,North,Affiliate,365,25,2381.44,207.59
2026-08-04,West,Search,439,28,2110.53,373.01
2026-08-04,West,Social,487,26,2369.7,318.66
2026-08-04,West,Email,265,29,2472.26,108.53
2026-08-04,West,Affiliate,321,18,1489.36,194.0
2026-08-05,East,Search,582,35,3177.1,376.34
2026-08-05,East,Social,691,19,1983.02,324.54
2026-08-05,East,Email,305,21,2061.43,107.0
2026-08-05,East,Affiliate,439,28,2791.71,199.09
2026-08-05,South,Search,492,34,3196.19,375.96
2026-08-05,South,Social,626,20,1991.26,319.89
2026-08-05,South,Email,278,26,2468.35,104.72
2026-08-05,South,Affiliate,406,22,1876.24,199.01
2026-08-05,North,Search,470,35,3004.38,389.11
2026-08-05,North,Social,549,20,1732.97,350.68
2026-08-05,North,Email,265,23,2078.2,110.49
2026-08-05,North,Affiliate,330,19,1684.9,195.18
2026-08-05,West,Search,473,25,2168.01,371.17
2026-08-05,West,Social,514,12,1118.96,324.75
2026-08-05,West,Email,223,23,2144.71,101.27
2026-08-05,West,Affiliate,313,22,1844.2,199.11
2026-08-06,East,Search,592,32,2758.16,407.38
2026-08-06,East,Social,672,24,2247.33,350.93
2026-08-06,East,Email,337,27,2479.34,107.49
2026-08-06,East,Affiliate,413,27,2575.55,206.39
2026-08-06,South,Search,525,26,2385.73,366.36
2026-08-06,South,Social,605,24,1915.04,350.18
2026-08-06,South,Email,310,31,2723.93,110.78
2026-08-06,South,Affiliate,409,31,2913.0,204.04
2026-08-06,North,Search,503,24,1934.65,384.87
2026-08-06,North,Social,561,27,2639.76,328.14
2026-08-06,North,Email,271,23,1980.02,107.19
2026-08-06,North,Affiliate,324,22,1941.05,206.41
2026-08-06,West,Search,435,27,2520.45,392.02
2026-08-06,West,Social,511,19,1664.15,347.8
2026-08-06,West,Email,267,29,2198.43,108.39
2026-08-06,West,Affiliate,318,25,2162.56,212.44
2026-08-07,East,Search,575,36,3334.91,389.04
2026-08-07,East,Social,651,22,2053.38,333.16
2026-08-07,East,Email,331,39,4035.5,105.72
2026-08-07,East,Affiliate,434,36,3570.37,195.35
2026-08-07,South,Search,542,25,2250.62,380.36
2026-08-07,South,Social,621,24,2057.33,338.5
2026-08-07,South,Email,297,23,2258.25,110.37
2026-08-07,South,Affiliate,382,25,2287.75,207.96
2026-08-07,North,Search,520,41,3547.86,373.28
2026-08-07,North,Social,494,13,1206.49,310.58
2026-08-07,North,Email,268,25,2325.61,105.72
2026-08-07,North,Affiliate,367,21,1900.72,192.86
2026-08-07,West,Search,448,28,2116.18,389.89
2026-08-07,West,Social,467,11,890.03,339.76
2026-08-07,West,Email,267,24,2263.63,103.33
2026-08-07,West,Affiliate,336,20,1866.12,195.76
2026-08-08,East,Search,551,38,3800.64,391.03
2026-08-08,East,Social,674,19,1816.18,339.25
2026-08-08,East,Email,312,31,2885.52,100.01
2026-08-08,East,Affiliate,403,26,2661.53,202.89
2026-08-08,South,Search,522,41,3325.14,389.88
2026-08-08,South,Social,640,19,2079.4,340.97
2026-08-08,South,Email,266,28,2380.96,110.53
2026-08-08,South,Affiliate,353,28,2192.31,199.2
2026-08-08,North,Search,470,24,2236.65,382.09
2026-08-08,North,Social,555,18,1686.78,327.59
2026-08-08,North,Email,246,28,2617.18,101.95
2026-08-08,North,Affiliate,322,11,1145.94,200.08
2026-08-08,West,Search,455,25,2171.11,384.2
2026-08-08,West,Social,480,22,1982.02,322.15
2026-08-08,West,Email,246,26,2232.58,101.01
2026-08-08,West,Affiliate,328,22,1874.5,194.39
2026-08-09,East,Search,604,28,2819.41,387.19
2026-08-09,East,Social,649,22,1855.14,345.05
2026-08-09,East,Email,361,29,2745.98,101.54
2026-08-09,East,Affiliate,371,25,2103.54,198.84
2026-08-09,South,Search,507,34,3121.45,404.29
2026-08-09,South,Social,609,19,1645.47,332.93
2026-08-09,South,Email,282,28,2606.8,107.54
2026-08-09,South,Affiliate,385,31,2855.81,199.41
2026-08-09,North,Search,454,32,2642.88,403.3
2026-08-09,North,Social,552,12,1213.43,326.77
2026-08-09,North,Email,286,28,2542.21,99.99
2026-08-09,North,Affiliate,373,24,1792.25,191.09
2026-08-09,West,Search,439,25,2330.82,402.54
2026-08-09,West,Social,520,14,1353.09,333.68
2026-08-09,West,Email,260,27,2648.51,110.6
2026-08-09,West,Affiliate,298,17,1554.27,203.91
2026-08-10,East,Search,553,26,2101.36,404.5
2026-08-10,East,Social,654,26,2243.83,330.86
2026-08-10,East,Email,329,29,3050.58,99.18
2026-08-10,East,Affiliate,410,26,2367.9,201.81
2026-08-10,South,Search,526,33,3291.59,401.2
2026-08-10,South,Social,590,22,2064.94,342.15
2026-08-10,South,Email,281,32,3320.29,103.53
2026-08-10,South,Affiliate,351,17,1434.24,197.16
2026-08-10,North,Search,461,29,2860.68,392.78
2026-08-10,North,Social,603,30,2535.54,343.13
2026-08-10,North,Email,263,26,2024.6,103.5
2026-08-10,North,Affiliate,348,19,1600.12,211.97
2026-08-10,West,Search,437,25,2250.64,400.22
2026-08-10,West,Social,486,17,1427.6,343.79
2026-08-10,West,Email,249,17,1666.21,104.0
2026-08-10,West,Affiliate,326,23,1923.44,208.46
2026-08-11,East,Search,638,35,3207.61,397.04
2026-08-11,East,Social,642,30,2420.28,312.02
2026-08-11,East,Email,324,32,2973.36,105.01
2026-08-11,East,Affiliate,405,23,1717.07,193.88
2026-08-11,South,Search,533,25,2459.13,376.39
2026-08-11,South,Social,530,15,1285.56,340.28
2026-08-11,South,Email,313,27,2407.86,103.8
2026-08-11,South,Affiliate,383,25,2470.72,197.4
2026-08-11,North,Search,461,28,2497.19,390.47
2026-08-11,North,Social,556,22,1830.71,339.99
2026-08-11,North,Email,275,33,2994.07,99.87
2026-08-11,North,Affiliate,329,24,2394.62,195.01
2026-08-11,West,Search,411,28,2429.99,390.6
2026-08-11,West,Social,484,14,1193.66,308.89
2026-08-11,West,Email,277,27,2240.91,109.07
2026-08-11,West,Affiliate,344,14,1184.2,191.14
2026-08-12,East,Search,565,24,2254.01,371.65
2026-08-12,East,Social,648,20,1973.55,313.32
2026-08-12,East,Email,341,35,3533.52,108.86
2026-08-12,East,Affiliate,423,28,2706.85,207.95
2026-08-12,South,Search,493,34,3180.65,371.13
2026-08-12,South,Social,593,19,1595.22,336.1
2026-08-12,South,Email,303,32,3346.58,100.21
2026-08-12,South,Affiliate,374,35,3573.94,199.58
2026-08-12,North,Search,511,31,2925.59,368.23
2026-08-12,North,Social,514,19,1796.37,344.41
2026-08-12,North,Email,262,22,2215.21,107.21
2026-08-12,North,Affiliate,333,21,1643.35,189.83
2026-08-12,West,Search,438,18,1691.49,387.85
2026-08-12,West,Social,492,20,1944.57,319.73
2026-08-12,West,Email,269,26,2393.42,100.18
2026-08-12,West,Affiliate,334,20,1886.9,192.92
2026-08-13,East,Search,600,41,3604.48,371.73
2026-08-13,East,Social,608,24,2099.63,326.38
2026-08-13,East,Email,323,26,1946.11,101.08
2026-08-13,East,Affiliate,406,24,2101.65,207.44
2026-08-13,South,Search,518,27,2794.97,399.22
2026-08-13,South,Social,607,24,2152.98,333.26
2026-08-13,South,Email,296,29,2670.7,104.88
2026-08-13,South,Affiliate,354,32,2873.53,206.21
2026-08-13,North,Search,447,33,3081.85,370.8
2026-08-13,North,Social,587,23,2048.09,320.69
2026-08-13,North,Email,251,22,1940.2,102.84
2026-08-13,North,Affiliate,377,25,2308.39,198.74
2026-08-13,West,Search,431,27,2487.84,364.94
2026-08-13,West,Social,502,19,1783.64,330.09
2026-08-13,West,Email,234,26,2370.37,101.19
2026-08-13,West,Affiliate,320,16,1406.04,193.82
2026-08-14,East,Search,598,30,2679.85,368.64
2026-08-14,East,Social,656,26,2265.34,319.56
2026-08-14,East,Email,374,32,2768.03,108.11
2026-08-14,East,Affiliate,398,38,3790.32,196.17
2026-08-14,South,Search,508,29,2496.95,358.84
2026-08-14,South,Social,560,21,2060.8,309.05
2026-08-14,South,Email,346,37,3179.92,103.33
2026-08-14,South,Affiliate,352,28,2515.45,193.57
2026-08-14,North,Search,534,27,2518.4,384.12
2026-08-14,North,Social,535,17,1600.01,344.6
2026-08-14,North,Email,297,35,3797.31,101.72
2026-08-14,North,Affiliate,310,22,1930.35,208.29
2026-08-14,West,Search,423,31,2762.86,375.69
2026-08-14,West,Social,496,13,1199.74,333.01
2026-08-14,West,Email,271,22,2023.75,109.13
2026-08-14,West,Affiliate,290,12,1079.6,209.07
2026-08-15,East,Search,655,36,3299.12,393.58
2026-08-15,East,Social,786,34,3118.92,311.07
2026-08-15,East,Email,411,45,3589.62,102.25
2026-08-15,East,Affiliate,489,31,2996.78,201.15
2026-08-15,South,Search,564,34,3024.02,376.22
2026-08-15,South,Social,690,26,2377.33,316.65
2026-08-15,South,Email,325,34,3024.27,100.75
2026-08-15,South,Affiliate,431,39,4413.62,203.72
2026-08-15,North,Search,563,30,2312.75,393.08
2026-08-15,North,Social,629,20,1640.0,324.63
2026-08-15,North,Email,321,31,2346.57,99.17
2026-08-15,North,Affiliate,384,24,1842.57,208.25
2026-08-15,West,Search,504,30,2546.86,378.28
2026-08-15,West,Social,588,23,2405.01,329.85
2026-08-15,West,Email,290,31,2828.96,99.23
2026-08-15,West,Affiliate,366,18,1531.79,193.91
2026-08-16,East,Search,581,24,2158.16,370.76
2026-08-16,East,Social,664,23,2331.89,311.19
2026-08-16,East,Email,338,28,2440.63,107.35
2026-08-16,East,Affiliate,386,30,2764.73,204.68
2026-08-16,South,Search,544,37,3355.48,385.35
2026-08-16,South,Social,574,16,1460.86,319.92
2026-08-16,South,Email,280,35,2899.0,101.67
2026-08-16,South,Affiliate,324,20,1850.97,195.58
2026-08-16,North,Search,470,27,2127.57,383.69
2026-08-16,North,Social,516,18,1853.93,328.33
2026-08-16,North,Email,251,33,2728.39,101.01
2026-08-16,North,Affiliate,330,21,1764.65,193.5
2026-08-16,West,Search,458,27,2580.64,380.98
2026-08-16,West,Social,542,23,1930.65,319.44
2026-08-16,West,Email,237,22,1985.31,108.51
2026-08-16,West,Affiliate,318,19,1815.17,194.0
2026-08-17,East,Search,566,35,3219.32,365.28
2026-08-17,East,Social,647,25,2500.36,321.35
2026-08-17,East,Email,308,23,2074.14,98.05
2026-08-17,East,Affiliate,388,25,2424.55,207.79
2026-08-17,South,Search,531,29,2814.87,378.81
2026-08-17,South,Social,585,24,2375.2,312.83
2026-08-17,South,Email,314,17,1587.85,106.68
2026-08-17,South,Affiliate,375,16,1356.62,189.87
2026-08-17,North,Search,487,28,2320.7,381.93
2026-08-17,North,Social,527,23,2212.68,328.67
2026-08-17,North,Email,258,17,1600.29,107.27
2026-08-17,North,Affiliate,352,28,2610.87,201.58
2026-08-17,West,Search,399,28,2201.55,394.86
2026-08-17,West,Social,521,28,2334.7,332.45
2026-08-17,West,Email,248,31,2837.77,102.34
2026-08-17,West,Affiliate,316,29,2786.77,196.93
2026-08-18,East,Search,577,36,3647.26,384.76
2026-08-18,East,Social,651,22,2321.57,325.15
2026-08-18,East,Email,300,19,1372.54,103.43
2026-08-18,East,Affiliate,380,27,2557.0,187.54
2026-08-18,South,Search,486,30,2876.95,393.3
2026-08-18,South,Social,542,20,1735.2,320.7
2026-08-18,South,Email,277,15,1256.0,107.11
2026-08-18,South,Affiliate,370,26,2064.38,202.32
2026-08-18,North,Search,468,29,2519.86,389.46
2026-08-18,North,Social,536,18,1527.53,304.35
2026-08-18,North,Email,279,33,3460.25,98.71
2026-08-18,North,Affiliate,345,22,2056.18,197.27
2026-08-18,West,Search,431,27,2496.32,377.98
2026-08-18,West,Social,490,21,1612.02,319.95
2026-08-18,West,Email,228,21,1754.02,103.23
2026-08-18,West,Affiliate,303,17,1447.25,195.68
2026-08-19,East,Search,538,28,1898.14,358.85
2026-08-19,East,Social,600,22,2070.33,334.17
2026-08-19,East,Email,333,30,2580.96,103.99
2026-08-19,East,Affiliate,421,26,2301.45,187.7
2026-08-19,South,Search,496,33,2988.74,389.46
2026-08-19,South,Social,568,19,1590.5,323.1
2026-08-19,South,Email,290,23,2193.69,101.83
2026-08-19,South,Affiliate,375,20,1835.4,196.53
2026-08-19,North,Search,439,29,2135.17,354.77
2026-08-19,North,Social,516,21,1818.62,334.25
2026-08-19,North,Email,282,20,1888.69,98.27
2026-08-19,North,Affiliate,347,20,1758.73,189.99
2026-08-19,West,Search,420,27,2484.61,391.22
2026-08-19,West,Social,458,14,1442.24,328.38
2026-08-19,West,Email,238,14,1161.39,97.97
2026-08-19,West,Affiliate,291,15,1323.29,207.98
2026-08-20,East,Search,600,33,2667.01,382.26
2026-08-20,East,Social,667,27,2540.12,311.71
2026-08-20,East,Email,308,24,2241.79,97.14
2026-08-20,East,Affiliate,412,22,1922.06,202.22
2026-08-20,South,Search,537,28,2624.98,370.86
2026-08-20,South,Social,566,19,2081.95,324.05
2026-08-20,South,Email,300,26,2232.05,102.38
2026-08-20,South,Affiliate,359,25,2500.97,203.61
2026-08-20,North,Search,482,33,2863.33,390.63
2026-08-20,North,Social,481,13,1039.48,312.19
2026-08-20,North,Email,285,32,2657.25,99.09
2026-08-20,North,Affiliate,329,27,2604.33,204.0
2026-08-20,West,Search,413,21,1687.44,364.64
2026-08-20,West,Social,467,17,1452.81,317.26
2026-08-20,West,Email,225,32,2521.97,102.48
2026-08-20,West,Affiliate,303,24,2144.43,191.05
2026-08-21,East,Search,557,28,2207.46,375.29
2026-08-21,East,Social,657,20,1908.21,336.03
2026-08-21,East,Email,340,33,3003.12,100.05
2026-08-21,East,Affiliate,425,28,2900.68,185.43
2026-08-21,South,Search,518,24,1716.03,373.25
2026-08-21,South,Social,560,13,1255.47,309.01
2026-08-21,South,Email,274,27,1927.63,105.12
2026-08-21,South,Affiliate,354,30,2655.79,193.66
2026-08-21,North,Search,474,34,3011.37,388.27
2026-08-21,North,Social,513,12,931.7,318.79
2026-08-21,North,Email,278,29,2475.91,106.11
2026-08-21,North,Affiliate,313,19,2056.07,194.99
2026-08-21,West,Search,417,20,2115.11,359.38
2026-08-21,West,Social,473,21,1644.31,321.52
2026-08-21,West,Email,244,27,2459.27,107.51
2026-08-21,West,Affiliate,315,16,1372.37,205.25
2026-08-22,East,Search,579,28,2526.85,384.85
2026-08-22,East,Social,646,29,2896.68,302.12
2026-08-22,East,Email,324,37,3355.81,96.51
2026-08-22,East,Affiliate,414,25,2508.26,185.33
2026-08-22,South,Search,496,28,2641.08,391.85
2026-08-22,South,Social,549,23,2288.96,332.75
2026-08-22,South,Email,288,29,3067.52,99.21
2026-08-22,South,Affiliate,360,22,1850.6,207.53
2026-08-22,North,Search,482,33,3147.28,352.33
2026-08-22,North,Social,526,19,1992.1,329.82
2026-08-22,North,Email,260,27,2388.7,103.01
2026-08-22,North,Affiliate,351,27,2175.33,186.81
2026-08-22,West,Search,445,26,2115.87,371.93
2026-08-22,West,Social,518,13,1154.55,328.24
2026-08-22,West,Email,266,27,2370.44,103.56
2026-08-22,West,Affiliate,303,32,2968.29,201.04
2026-08-23,East,Search,576,27,2830.55,359.78
2026-08-23,East,Social,628,22,2056.06,303.64
2026-08-23,East,Email,327,24,2310.05,107.39
2026-08-23,East,Affiliate,427,24,2221.95,198.56
2026-08-23,South,Search,489,29,2823.49,365.78
2026-08-23,South,Social,580,21,2118.6,326.89
2026-08-23,South,Email,297,23,2247.53,100.04
2026-08-23,South,Affiliate,390,23,2717.59,201.81
2026-08-23,North,Search,441,34,2861.49,359.96
2026-08-23,North,Social,541,32,3040.77,317.54
2026-08-23,North,Email,240,20,1826.39,103.05
2026-08-23,North,Affiliate,302,16,1426.61,188.45
2026-08-23,West,Search,446,25,2423.55,354.31
2026-08-23,West,Social,495,14,1286.56,311.59
2026-08-23,West,Email,269,24,2228.97,104.25
2026-08-23,West,Affiliate,295,18,1787.92,194.16
2026-08-24,East,Search,589,37,3497.31,353.63
2026-08-24,East,Social,679,29,3018.9,303.97
2026-08-24,East,Email,323,31,2448.39,97.61
2026-08-24,East,Affiliate,454,29,2599.85,205.39
2026-08-24,South,Search,545,33,2597.36,387.41
2026-08-24,South,Social,555,32,3008.7,318.44
2026-08-24,South,Email,309,33,2973.93,105.42
2026-08-24,South,Affiliate,377,36,2869.61,184.95
2026-08-24,North,Search,449,28,2579.21,376.43
2026-08-24,North,Social,554,23,1848.5,305.19
2026-08-24,North,Email,266,23,2074.45,104.75
2026-08-24,North,Affiliate,340,29,2870.93,193.27
2026-08-24,West,Search,428,23,1843.29,395.1
2026-08-24,West,Social,503,18,1288.87,334.84
2026-08-24,West,Email,236,21,1920.68,99.76
2026-08-24,West,Affiliate,298,23,2182.05,200.14
2026-08-25,East,Search,563,46,4416.52,364.57
2026-08-25,East,Social,600,25,1951.17,309.16
2026-08-25,East,Email,300,26,2726.78,97.78
2026-08-25,East,Affiliate,400,16,1386.88,199.57
2026-08-25,South,Search,501,31,2687.32,371.58
2026-08-25,South,Social,589,28,2247.98,323.36
2026-08-25,South,Email,285,15,1271.19,98.07
2026-08-25,South,Affiliate,355,22,1797.8,189.78
2026-08-25,North,Search,450,31,2884.3,383.91
2026-08-25,North,Social,495,19,1544.68,335.55
2026-08-25,North,Email,271,27,2349.96,99.96
2026-08-25,North,Affiliate,329,24,1950.69,187.87
2026-08-25,West,Search,451,23,2134.85,392.17
2026-08-25,West,Social,482,22,1992.81,305.69
2026-08-25,West,Email,243,25,2365.98,102.26
2026-08-25,West,Affiliate,290,25,2302.97,186.74
2026-08-26,East,Search,560,40,3190.11,362.96
2026-08-26,East,Social,655,26,2579.69,327.95
2026-08-26,East,Email,303,35,3125.23,105.9
2026-08-26,East,Affiliate,386,28,2545.56,197.12
2026-08-26,South,Search,505,31,2416.98,380.84
2026-08-26,South,Social,566,33,2994.91,334.48
2026-08-26,South,Email,287,23,2166.75,101.32
2026-08-26,South,Affiliate,362,22,1708.51,193.89
2026-08-26,North,Search,446,26,2211.17,374.56
2026-08-26,North,Social,489,18,1848.21,337.55
2026-08-26,North,Email,265,17,1533.31,105.03
2026-08-26,North,Affiliate,307,27,2191.2,193.62
2026-08-26,West,Search,428,32,2648.62,360.57
2026-08-26,West,Social,476,23,1911.06,314.52
2026-08-26,West,Email,259,23,2257.63,98.3
2026-08-26,West,Affiliate,344,22,1893.09,206.33
2026-08-27,East,Search,540,33,3022.69,381.87
2026-08-27,East,Social,634,34,2996.89,335.34
2026-08-27,East,Email,291,30,2798.86,95.94
2026-08-27,East,Affiliate,394,30,2942.39,196.67
2026-08-27,South,Search,490,36,3483.36,379.02
2026-08-27,South,Social,590,13,1437.7,335.48
2026-08-27,South,Email,268,27,2102.44,100.57
2026-08-27,South,Affiliate,371,22,2114.42,184.92
2026-08-27,North,Search,471,29,3000.23,370.59
2026-08-27,North,Social,529,30,2372.34,337.28
2026-08-27,North,Email,281,21,2048.8,102.93
2026-08-27,North,Affiliate,331,20,1953.07,206.12
2026-08-27,West,Search,442,26,2179.84,378.36
2026-08-27,West,Social,479,17,1479.3,321.4
2026-08-27,West,Email,228,17,1619.28,105.42
2026-08-27,West,Affiliate,334,28,2292.42,203.68
2026-08-28,East,Search,532,29,2676.05,366.78
2026-08-28,East,Social,673,22,2098.77,300.61
2026-08-28,East,Email,321,25,2201.05,106.41
2026-08-28,East,Affiliate,388,22,1580.66,186.27
2026-08-28,South,Search,499,32,2209.93,373.64
2026-08-28,South,Social,548,25,2213.13,308.46
2026-08-28,South,Email,287,27,2344.29,96.44
2026-08-28,South,Affiliate,369,29,2743.11,190.39
2026-08-28,North,Search,485,30,2734.03,363.86
2026-08-28,North,Social,580,10,904.0,321.92
2026-08-28,North,Email,276,21,2046.68,98.92
2026-08-28,North,Affiliate,344,27,2308.17,192.61
2026-08-28,West,Search,476,29,2771.28,378.3
2026-08-28,West,Social,472,15,1125.85,317.66
2026-08-28,West,Email,223,19,1857.57,106.5
2026-08-28,West,Affiliate,304,20,1706.15,191.46
2026-08-29,East,Search,562,31,2983.5,388.83
2026-08-29,East,Social,667,21,1940.88,327.16
2026-08-29,East,Email,316,35,3364.52,96.17
2026-08-29,East,Affiliate,389,32,3362.43,193.62
2026-08-29,South,Search,515,30,2633.36,389.11
2026-08-29,South,Social,562,36,3323.06,323.64
2026-08-29,South,Email,259,20,1854.52,99.36
2026-08-29,South,Affiliate,345,31,2880.67,201.28
2026-08-29,North,Search,480,33,2966.22,392.26
2026-08-29,North,Social,518,15,1366.79,313.97
2026-08-29,North,Email,274,31,2713.61,98.47
2026-08-29,North,Affiliate,313,13,1100.54,189.65
2026-08-29,West,Search,384,19,1737.7,364.23
2026-08-29,West,Social,464,12,1011.33,313.56
2026-08-29,West,Email,250,23,2115.6,103.17
2026-08-29,West,Affiliate,310,23,2099.9,196.47
2026-08-30,East,Search,567,40,4336.23,362.12
2026-08-30,East,Social,668,32,2591.57,299.98
2026-08-30,East,Email,319,32,2989.91,105.0
2026-08-30,East,Affiliate,411,30,2811.23,199.25
2026-08-30,South,Search,499,19,1874.58,357.18
2026-08-30,South,Social,570,18,1604.83,331.08
2026-08-30,South,Email,343,19,1739.55,105.47
2026-08-30,South,Affiliate,380,22,2131.17,183.4
2026-08-30,North,Search,431,29,2649.38,381.85
2026-08-30,North,Social,529,22,2040.47,301.21
2026-08-30,North,Email,253,31,2872.54,100.7
2026-08-30,North,Affiliate,324,28,2291.34,194.59
2026-08-30,West,Search,419,11,1021.48,365.14
2026-08-30,West,Social,484,18,1631.99,317.52
2026-08-30,West,Email,259,23,1825.21,97.07
2026-08-30,West,Affiliate,317,25,2292.22,186.68
2026-08-31,East,Search,549,30,2737.37,386.42
2026-08-31,East,Social,636,19,1605.28,311.6
2026-08-31,East,Email,317,35,3075.78,100.78
2026-08-31,East,Affiliate,402,30,2802.35,194.67
2026-08-31,South,Search,507,27,2274.78,362.55
2026-08-31,South,Social,572,15,1383.95,318.31
2026-08-31,South,Email,295,20,1884.76,95.04
2026-08-31,South,Affiliate,332,19,1592.48,194.67
2026-08-31,North,Search,475,30,2537.05,378.23
2026-08-31,North,Social,564,20,2005.75,325.06
2026-08-31,North,Email,258,21,1909.2,103.08
2026-08-31,North,Affiliate,307,21,1871.35,182.46
2026-08-31,West,Search,420,28,2734.71,387.82
2026-08-31,West,Social,532,30,2935.42,312.92
2026-08-31,West,Email,210,22,2114.72,101.19
2026-08-31,West,Affiliate,298,19,1620.75,199.24
2026-09-01,East,Search,665,35,3522.84,376.15
2026-09-01,East,Social,752,30,2350.99,327.65
2026-09-01,East,Email,382,40,3681.8,100.01
2026-09-01,East,Affiliate,464,35,3203.74,186.64
2026-09-01,South,Search,592,33,2584.86,375.78
2026-09-01,South,Social,681,25,2250.87,329.36
2026-09-01,South,Email,349,37,3363.76,106.2
2026-09-01,South,Affiliate,393,21,1849.26,193.16
2026-09-01,North,Search,591,32,2526.95,366.18
2026-09-01,North,Social,587,12,1030.52,313.98
2026-09-01,North,Email,290,21,1968.04,96.3
2026-09-01,North,Affiliate,343,26,2352.28,183.6
2026-09-01,West,Search,484,26,2653.03,356.05
2026-09-01,West,Social,540,26,2171.85,304.08
2026-09-01,West,Email,262,22,1907.81,96.62
2026-09-01,West,Affiliate,348,18,1718.66,197.9
2026-09-02,East,Search,581,30,2717.26,359.23
2026-09-02,East,Social,627,24,2283.11,309.74
2026-09-02,East,Email,311,32,2918.65,98.78
2026-09-02,East,Affiliate,404,31,2575.03,183.39
2026-09-02,South,Search,485,37,3578.76,384.33
2026-09-02,South,Social,576,27,2313.66,330.07
2026-09-02,South,Email,305,27,2584.54,96.5
2026-09-02,South,Affiliate,344,19,1894.84,199.83
2026-09-02,North,Search,447,29,2675.78,389.51
2026-09-02,North,Social,514,18,1645.22,313.47
2026-09-02,North,Email,241,21,1997.59,97.5
2026-09-02,North,Affiliate,327,25,2524.04,198.46
2026-09-02,West,Search,406,24,2150.88,371.13
2026-09-02,West,Social,472,19,1834.11,329.04
2026-09-02,West,Email,217,20,1916.05,94.81
2026-09-02,West,Affiliate,287,15,1424.35,192.2
2026-09-03,East,Search,581,35,3175.91,362.83
2026-09-03,East,Social,639,23,2336.72,318.7
2026-09-03,East,Email,308,29,2609.12,101.6
2026-09-03,East,Affiliate,367,28,2460.29,185.49
2026-09-03,South,Search,484,30,2685.66,370.52
2026-09-03,South,Social,580,19,1820.48,323.08
2026-09-03,South,Email,280,20,2073.72,100.21
2026-09-03,South,Affiliate,365,23,2208.84,191.52
2026-09-03,North,Search,420,30,2511.62,369.9
2026-09-03,North,Social,549,24,1860.31,331.88
2026-09-03,North,Email,265,19,1945.87,95.26
2026-09-03,North,Affiliate,348,31,3219.29,197.06
2026-09-03,West,Search,406,15,1546.81,357.77
2026-09-03,West,Social,432,19,1330.58,312.86
2026-09-03,West,Email,218,13,1129.85,98.04
2026-09-03,West,Affiliate,293,21,1885.21,197.53
2026-09-04,East,Search,571,33,3204.99,345.77
2026-09-04,East,Social,661,36,3247.47,297.27
2026-09-04,East,Email,314,31,2646.97,106.61
2026-09-04,East,Affiliate,390,23,2037.13,188.13
2026-09-04,South,Search,498,17,1507.59,355.26
2026-09-04,South,Social,593,27,2588.98,326.07
2026-09-04,South,Email,284,19,2027.97,98.94
2026-09-04,South,Affiliate,346,29,2914.49,183.24
2026-09-04,North,Search,466,19,1772.83,348.77
2026-09-04,North,Social,505,22,2049.7,319.68
2026-09-04,North,Email,260,21,1805.38,104.63
2026-09-04,North,Affiliate,367,28,2215.75,193.91
2026-09-04,West,Search,422,26,2658.29,383.72
2026-09-04,West,Social,463,11,1042.91,301.48
2026-09-04,West,Email,234,22,1871.43,96.12
2026-09-04,West,Affiliate,304,19,1772.01,186.53
2026-09-05,East,Search,575,43,3847.15,373.3
2026-09-05,East,Social,596,25,2258.01,302.61
2026-09-05,East,Email,301,32,2839.72,100.7
2026-09-05,East,Affiliate,384,26,2368.17,190.83
2026-09-05,South,Search,522,30,2832.26,364.11
2026-09-05,South,Social,554,24,2111.01,326.87
2026-09-05,South,Email,275,18,1544.23,100.78
2026-09-05,South,Affiliate,378,36,3469.75,200.37
2026-09-05,North,Search,468,19,1750.03,386.3
2026-09-05,North,Social,564,14,1165.09,327.97
2026-09-05,North,Email,258,27,2219.25,96.86
2026-09-05,North,Affiliate,343,16,1628.96,189.45
2026-09-05,West,Search,400,22,1961.1,367.09
2026-09-05,West,Social,474,19,1775.67,297.57
2026-09-05,West,Email,217,23,1866.99,94.58
2026-09-05,West,Affiliate,283,25,1946.83,187.56
2026-09-06,East,Search,558,29,2637.08,346.86
2026-09-06,East,Social,624,33,2853.89,318.33
2026-09-06,East,Email,295,25,2238.78,105.43
2026-09-06,East,Affiliate,379,38,3417.59,196.71
2026-09-06,South,Search,520,24,2043.0,352.3
2026-09-06,South,Social,541,20,1740.83,318.21
2026-09-06,South,Email,262,30,2584.36,101.31
2026-09-06,South,Affiliate,351,16,1480.37,185.59
2026-09-06,North,Search,429,20,1800.46,358.49
2026-09-06,North,Social,526,20,1704.35,303.92
2026-09-06,North,Email,256,25,1930.9,106.07
2026-09-06,North,Affiliate,339,21,1718.34,191.87
2026-09-06,West,Search,367,22,1708.83,346.89
2026-09-06,West,Social,474,12,1042.4,327.77
2026-09-06,West,Email,243,27,2193.98,103.97
2026-09-06,West,Affiliate,286,22,2142.72,188.6
2026-09-07,East,Search,522,25,2419.58,387.55
2026-09-07,East,Social,672,29,2511.81,311.52
2026-09-07,East,Email,327,39,3639.83,105.6
2026-09-07,East,Affiliate,427,25,1704.37,181.25
2026-09-07,South,Search,487,33,2817.77,370.17
2026-09-07,South,Social,612,24,2036.18,328.47
2026-09-07,South,Email,291,35,2653.81,102.74
2026-09-07,South,Affiliate,320,19,1741.08,189.02
2026-09-07,North,Search,412,27,2947.04,370.66
2026-09-07,North,Social,527,20,1688.04,305.9
2026-09-07,North,Email,259,24,2239.97,96.18
2026-09-07,North,Affiliate,321,17,1564.24,187.82
2026-09-07,West,Search,414,24,2661.81,376.01
2026-09-07,West,Social,464,15,1385.73,325.31
2026-09-07,West,Email,238,19,1643.63,105.69
2026-09-07,West,Affiliate,319,22,2057.12,192.47
2026-09-08,East,Search,564,41,3462.71,356.72
2026-09-08,East,Social,611,23,2136.36,303.0
2026-09-08,East,Email,333,35,3454.25,105.66
2026-09-08,East,Affiliate,375,22,1861.12,187.07
2026-09-08,South,Search,486,20,1751.07,355.12
2026-09-08,South,Social,592,23,1980.6,331.16
2026-09-08,South,Email,278,26,2674.99,103.94
2026-09-08,South,Affiliate,338,20,1793.61,198.9
2026-09-08,North,Search,458,41,3370.38,371.3
2026-09-08,North,Social,523,10,913.72,316.93
2026-09-08,North,Email,250,22,2203.02,94.38
2026-09-08,North,Affiliate,328,21,1692.29,190.62
2026-09-08,West,Search,435,20,1598.08,359.44
2026-09-08,West,Social,504,21,1898.93,308.23
2026-09-08,West,Email,233,27,2485.56,101.75
2026-09-08,West,Affiliate,282,18,1905.56,187.72
2026-09-09,East,Search,563,33,2948.44,351.44
2026-09-09,East,Social,658,32,3058.46,299.49
2026-09-09,East,Email,345,25,2316.46,94.28
2026-09-09,East,Affiliate,385,32,3161.13,193.96
2026-09-09,South,Search,482,29,2672.99,375.93
2026-09-09,South,Social,553,26,2446.91,312.28
2026-09-09,South,Email,275,23,2122.19,97.66
2026-09-09,South,Affiliate,379,36,3361.84,183.83
2026-09-09,North,Search,456,29,2742.82,377.69
2026-09-09,North,Social,504,19,1563.33,306.96
2026-09-09,North,Email,275,20,2380.51,96.52
2026-09-09,North,Affiliate,323,22,1937.98,201.96
2026-09-09,West,Search,426,27,2174.19,358.31
2026-09-09,West,Social,485,22,2054.57,317.66
2026-09-09,West,Email,243,15,1183.76,96.51
2026-09-09,West,Affiliate,296,17,1720.58,181.04
2026-09-10,East,Search,570,31,3268.43,347.9
2026-09-10,East,Social,635,19,1856.51,302.83
2026-09-10,East,Email,306,31,3203.72,100.1
2026-09-10,East,Affiliate,389,21,1925.68,200.93
2026-09-10,South,Search,486,28,2494.9,355.02
2026-09-10,South,Social,557,26,2457.42,322.35
2026-09-10,South,Email,288,28,2498.9,98.08
2026-09-10,South,Affiliate,356,19,1742.69,191.46
2026-09-10,North,Search,484,15,1157.31,379.73
2026-09-10,North,Social,554,33,3126.04,300.17
2026-09-10,North,Email,249,33,3085.55,102.51
2026-09-10,North,Affiliate,356,22,2163.09,185.99
2026-09-10,West,Search,405,21,1542.15,383.73
2026-09-10,West,Social,470,15,1505.16,314.04
2026-09-10,West,Email,216,15,1194.1,99.57
2026-09-10,West,Affiliate,276,18,1619.14,191.09
2026-09-11,East,Search,562,38,3600.43,343.39
2026-09-11,East,Social,617,26,2261.7,296.97
2026-09-11,East,Email,304,29,2814.54,93.84
2026-09-11,East,Affiliate,366,32,2948.64,188.52
2026-09-11,South,Search,490,24,1945.17,356.97
2026-09-11,South,Social,587,21,1633.54,319.61
2026-09-11,South,Email,287,23,2140.02,97.32
2026-09-11,South,Affiliate,373,25,2242.74,190.75
2026-09-11,North,Search,445,24,1961.8,380.07
2026-09-11,North,Social,500,18,1719.81,317.1
2026-09-11,North,Email,259,26,2542.6,94.34
2026-09-11,North,Affiliate,304,20,2159.77,199.05
2026-09-11,West,Search,416,25,2173.87,379.17
2026-09-11,West,Social,479,15,1228.99,321.48
2026-09-11,West,Email,247,27,2154.54,99.05
2026-09-11,West,Affiliate,265,18,1908.04,190.22
2026-09-12,East,Search,555,29,2928.87,376.58
2026-09-12,East,Social,656,27,2502.87,325.43
2026-09-12,East,Email,331,35,3420.16,98.6
2026-09-12,East,Affiliate,360,27,2511.36,197.85
2026-09-12,South,Search,508,30,2683.04,347.06
2026-09-12,South,Social,555,27,2734.68,300.81
2026-09-12,South,Email,294,25,2161.04,102.37
2026-09-12,South,Affiliate,345,25,2603.94,195.73
2026-09-12,North,Search,457,33,3001.6,377.23
2026-09-12,North,Social,505,14,1187.17,326.96
2026-09-12,North,Email,270,17,1675.58,94.29
2026-09-12,North,Affiliate,344,19,1880.31,199.41
2026-09-12,West,Search,395,23,2166.23,346.6
2026-09-12,West,Social,452,16,1686.02,306.49
2026-09-12,West,Email,245,27,2453.47,101.66
2026-09-12,West,Affiliate,300,25,2738.74,190.91
2026-09-13,East,Search,573,30,2779.28,353.74
2026-09-13,East,Social,633,28,2551.21,316.86
2026-09-13,East,Email,295,31,2718.41,93.76
2026-09-13,East,Affiliate,389,32,2941.81,192.39
2026-09-13,South,Search,473,17,1644.66,374.03
2026-09-13,South,Social,565,28,2559.99,299.76
2026-09-13,South,Email,291,18,1786.12,105.48
2026-09-13,South,Affiliate,384,31,3076.15,200.9
2026-09-13,North,Search,486,28,2159.74,370.89
2026-09-13,North,Social,507,19,1745.22,307.24
2026-09-13,North,Email,261,26,2434.82,98.43
2026-09-13,North,Affiliate,327,21,1735.67,201.61
2026-09-13,West,Search,421,21,1946.99,359.89
2026-09-13,West,Social,478,20,1789.2,308.39
2026-09-13,West,Email,257,20,2051.25,102.61
2026-09-13,West,Affiliate,294,18,1697.46,200.81
2026-09-14,East,Search,557,27,2703.45,384.27
2026-09-14,East,Social,625,23,2000.24,319.1
2026-09-14,East,Email,295,29,2395.59,105.2
2026-09-14,East,Affiliate,402,28,2739.08,179.88
2026-09-14,South,Search,514,20,1854.88,375.46
2026-09-14,South,Social,626,17,1680.02,318.98
2026-09-14,South,Email,278,29,2530.77,96.55
2026-09-14,South,Affiliate,331,26,2106.13,183.82
2026-09-14,North,Search,463,26,2194.5,372.64
2026-09-14,North,Social,495,12,1031.96,328.64
2026-09-14,North,Email,267,25,2121.92,96.84
2026-09-14,North,Affiliate,314,13,1034.64,188.35
2026-09-14,West,Search,393,20,1892.2,367.36
2026-09-14,West,Social,498,13,1305.36,322.66
2026-09-14,West,Email,239,17,1694.89,100.22
2026-09-14,West,Affiliate,292,25,2104.68,187.43
2026-09-15,East,Search,632,39,3849.5,359.57
2026-09-15,East,Social,733,27,2546.83,327.6
2026-09-15,East,Email,325,37,3361.7,98.22
2026-09-15,East,Affiliate,440,25,2299.63,185.72
2026-09-15,South,Search,583,40,3207.76,362.72
2026-09-15,South,Social,616,23,1895.44,312.46
2026-09-15,South,Email,334,39,2863.34,94.09
2026-09-15,South,Affiliate,399,33,3069.33,190.34
2026-09-15,North,Search,545,25,2229.29,347.79
2026-09-15,North,Social,626,24,2044.15,324.93
2026-09-15,North,Email,292,25,2198.37,95.46
2026-09-15,North,Affiliate,374,24,2253.65,201.68
2026-09-15,West,Search,516,28,2543.8,365.81
2026-09-15,West,Social,547,18,1506.58,329.76
2026-09-15,West,Email,265,22,1963.14,97.04
2026-09-15,West,Affiliate,359,26,2435.87,199.34
2026-09-16,East,Search,550,26,2402.61,373.1
2026-09-16,East,Social,636,23,2321.56,318.49
2026-09-16,East,Email,296,22,1995.12,102.83
2026-09-16,East,Affiliate,399,30,2851.09,180.05
2026-09-16,South,Search,527,29,2871.35,351.59
2026-09-16,South,Social,571,19,1785.64,310.09
2026-09-16,South,Email,274,26,2459.12,97.12
2026-09-16,South,Affiliate,357,19,1950.97,183.73
2026-09-16,North,Search,465,17,1410.54,347.18
2026-09-16,North,Social,559,23,2191.28,317.09
2026-09-16,North,Email,272,26,2306.54,96.26
2026-09-16,North,Affiliate,332,24,2268.58,189.41
2026-09-16,West,Search,421,28,2351.0,374.94
2026-09-16,West,Social,508,25,2335.88,323.35
2026-09-16,West,Email,213,21,1812.46,99.99
2026-09-16,West,Affiliate,247,9,769.55,194.81
2026-09-17,East,Search,543,24,2204.7,364.84
2026-09-17,East,Social,617,26,2526.83,306.55
2026-09-17,East,Email,294,26,2518.39,103.55
2026-09-17,East,Affiliate,352,23,2378.68,198.43
2026-09-17,South,Search,494,31,3031.91,381.97
2026-09-17,South,Social,574,20,2128.7,307.28
2026-09-17,South,Email,268,33,2860.18,101.61
2026-09-17,South,Affiliate,355,20,1668.74,191.75
2026-09-17,North,Search,428,23,2246.1,343.22
2026-09-17,North,Social,497,31,2725.05,293.63
2026-09-17,North,Email,271,19,1537.92,95.15
2026-09-17,North,Affiliate,300,21,1839.01,189.14
2026-09-17,West,Search,406,38,3101.6,382.71
2026-09-17,West,Social,438,20,1696.18,315.36
2026-09-17,West,Email,234,32,2534.31,103.23
2026-09-17,West,Affiliate,308,17,1684.33,192.8
2026-09-18,East,Search,531,45,3606.33,372.86
2026-09-18,East,Social,615,16,1428.18,299.47
2026-09-18,East,Email,319,22,2017.27,95.26
2026-09-18,East,Affiliate,382,30,2468.71,198.07
2026-09-18,South,Search,490,41,3729.58,353.34
2026-09-18,South,Social,547,18,1694.44,325.32
2026-09-18,South,Email,271,24,2327.6,96.46
2026-09-18,South,Affiliate,368,19,1717.06,185.16
2026-09-18,North,Search,425,14,1101.64,343.46
2026-09-18,North,Social,504,18,1899.12,304.75
2026-09-18,North,Email,222,21,1765.48,103.39
2026-09-18,North,Affiliate,330,22,1807.69,197.16
2026-09-18,West,Search,396,23,2003.39,340.95
2026-09-18,West,Social,481,16,1445.53,292.94
2026-09-18,West,Email,228,31,2873.99,97.26
2026-09-18,West,Affiliate,304,22,2145.6,193.53
2026-09-19,East,Search,510,30,3161.78,350.63
2026-09-19,East,Social,570,22,1823.24,297.31
2026-09-19,East,Email,310,22,1955.46,103.76
2026-09-19,East,Affiliate,362,26,2563.25,192.79
2026-09-19,South,Search,495,27,2149.22,382.95
2026-09-19,South,Social,546,18,1367.35,296.5
2026-09-19,South,Email,265,19,1753.66,94.32
2026-09-19,South,Affiliate,332,20,1819.9,190.74
2026-09-19,North,Search,446,28,2444.76,363.33
2026-09-19,North,Social,497,26,2130.83,321.6
2026-09-19,North,Email,243,19,1930.28,102.03
2026-09-19,North,Affiliate,309,22,1910.63,183.98
2026-09-19,West,Search,411,23,2315.42,365.6
2026-09-19,West,Social,461,16,1448.33,327.07
2026-09-19,West,Email,230,19,1303.43,101.77
2026-09-19,West,Affiliate,269,23,1912.3,183.73
2026-09-20,East,Search,561,27,2569.14,368.54
2026-09-20,East,Social,635,28,2548.32,309.73
2026-09-20,East,Email,318,27,2845.93,99.33
2026-09-20,East,Affiliate,397,28,2547.66,197.2
2026-09-20,South,Search,434,28,3034.04,359.15
2026-09-20,South,Social,563,21,1629.76,322.4
2026-09-20,South,Email,311,28,2566.21,93.46
2026-09-20,South,Affiliate,336,24,2161.82,181.46
2026-09-20,North,Search,426,26,2000.32,347.16
2026-09-20,North,Social,485,22,2040.84,318.63
2026-09-20,North,Email,262,31,3187.64,95.44
2026-09-20,North,Affiliate,324,28,2618.05,194.72
2026-09-20,West,Search,431,30,2927.91,369.58
2026-09-20,West,Social,484,28,2556.38,320.92
2026-09-20,West,Email,236,20,1847.35,105.1
2026-09-20,West,Affiliate,289,23,2162.36,179.16
2026-09-21,East,Search,515,25,2320.88,378.33
2026-09-21,East,Social,606,24,2012.3,328.55
2026-09-21,East,Email,278,24,2521.87,96.88
2026-09-21,East,Affiliate,369,23,1900.38,188.35
2026-09-21,South,Search,528,38,3397.25,372.41
2026-09-21,South,Social,603,22,2208.45,320.16
2026-09-21,South,Email,280,27,2789.0,104.15
2026-09-21,South,Affiliate,365,19,1554.27,187.79
2026-09-21,North,Search,467,38,3189.54,343.85
2026-09-21,North,Social,491,22,1613.7,301.08
2026-09-21,North,Email,256,25,2172.36,95.07
2026-09-21,North,Affiliate,302,26,2690.5,190.56
2026-09-21,West,Search,450,35,3399.07,378.17
2026-09-21,West,Social,487,17,1773.1,325.55
2026-09-21,West,Email,242,13,1348.21,97.96
2026-09-21,West,Affiliate,272,18,1754.62,183.62
2026-09-22,East,Search,539,23,1923.12,343.35
2026-09-22,East,Social,593,21,2077.21,324.11
2026-09-22,East,Email,287,25,2021.33,94.1
2026-09-22,East,Affiliate,399,20,1888.53,192.96
2026-09-22,South,Search,552,39,3738.98,360.37
2026-09-22,South,Social,595,18,1888.46,293.39
2026-09-22,South,Email,271,20,1712.25,102.82
2026-09-22,South,Affiliate,371,21,1759.72,192.89
2026-09-22,North,Search,479,20,1868.49,359.93
2026-09-22,North,Social,500,21,1686.74,291.8
2026-09-22,North,Email,283,26,2018.99,96.0
2026-09-22,North,Affiliate,328,30,2451.79,198.88
2026-09-22,West,Search,420,17,1579.84,360.41
2026-09-22,West,Social,453,17,1493.56,312.42
2026-09-22,West,Email,261,19,1726.79,96.73
2026-09-22,West,Affiliate,298,15,1408.7,200.51
2026-09-23,East,Search,551,33,3230.98,374.11
2026-09-23,East,Social,643,32,2734.4,302.91
2026-09-23,East,Email,290,29,2297.22,103.66
2026-09-23,East,Affiliate,425,24,2433.71,181.23
2026-09-23,South,Search,497,32,3012.64,380.94
2026-09-23,South,Social,552,19,1505.97,319.36
2026-09-23,South,Email,288,22,2250.76,102.02
2026-09-23,South,Affiliate,328,29,2549.25,185.67
2026-09-23,North,Search,446,29,2670.59,362.72
2026-09-23,North,Social,480,14,1073.72,319.77
2026-09-23,North,Email,262,28,2492.62,100.52
2026-09-23,North,Affiliate,349,26,2568.57,190.09
2026-09-23,West,Search,415,32,2922.15,356.56
2026-09-23,West,Social,480,26,2533.74,328.53
2026-09-23,West,Email,249,23,2384.13,99.72
2026-09-23,West,Affiliate,299,28,2726.24,194.18
2026-09-24,East,Search,552,40,3519.01,358.6
2026-09-24,East,Social,638,26,2263.58,317.1
2026-09-24,East,Email,336,28,2139.46,103.73
2026-09-24,East,Affiliate,402,31,2955.52,178.41
2026-09-24,South,Search,482,36,3256.77,342.03
2026-09-24,South,Social,541,18,2014.92,325.84
2026-09-24,South,Email,294,29,2647.61,99.89
2026-09-24,South,Affiliate,351,21,1989.48,183.0
2026-09-24,North,Search,433,15,1267.68,345.23
2026-09-24,North,Social,493,14,1188.98,327.86
2026-09-24,North,Email,258,25,1831.49,93.68
2026-09-24,North,Affiliate,339,29,2244.16,185.12
2026-09-24,West,Search,455,24,2140.12,346.87
2026-09-24,West,Social,444,17,1573.48,321.38
2026-09-24,West,Email,216,27,2620.68,94.61
2026-09-24,West,Affiliate,289,16,1285.7,187.3
2026-09-25,East,Search,549,26,2298.14,349.2
2026-09-25,East,Social,620,28,2832.82,303.2
2026-09-25,East,Email,320,31,2668.44,101.72
2026-09-25,East,Affiliate,406,25,2198.36,189.52
2026-09-25,South,Search,489,25,2800.24,362.89
2026-09-25,South,Social,565,19,1409.88,302.12
2026-09-25,South,Email,268,24,2442.28,99.52
2026-09-25,South,Affiliate,320,17,1518.83,192.82
2026-09-25,North,Search,485,34,3255.9,341.88
2026-09-25,North,Social,520,20,1746.59,303.25
2026-09-25,North,Email,241,15,1331.38,98.03
2026-09-25,North,Affiliate,320,21,1611.83,182.52
2026-09-25,West,Search,389,23,2275.69,357.78
2026-09-25,West,Social,434,19,1596.23,327.27
2026-09-25,West,Email,221,13,1254.68,94.82
2026-09-25,West,Affiliate,302,22,1970.18,194.43
2026-09-26,East,Search,548,33,2741.06,376.01
2026-09-26,East,Social,615,19,1795.85,311.1
2026-09-26,East,Email,273,30,2346.56,102.91
2026-09-26,East,Affiliate,441,31,2351.2,189.0
2026-09-26,South,Search,492,19,1577.92,375.9
2026-09-26,South,Social,541,16,1233.95,312.07
2026-09-26,South,Email,289,23,1947.11,93.93
2026-09-26,South,Affiliate,342,20,1732.12,180.4
2026-09-26,North,Search,479,31,2561.24,382.14
2026-09-26,North,Social,517,23,1858.94,299.62
2026-09-26,North,Email,305,29,2776.7,103.68
2026-09-26,North,Affiliate,304,21,1716.64,200.18
2026-09-26,West,Search,384,24,2083.93,342.61
2026-09-26,West,Social,483,14,1317.93,317.96
2026-09-26,West,Email,233,26,2243.66,95.44
2026-09-26,West,Affiliate,305,14,1258.16,179.09
2026-09-27,East,Search,566,35,3558.74,373.69
2026-09-27,East,Social,625,30,2623.88,325.89
2026-09-27,East,Email,334,23,1826.65,101.41
2026-09-27,East,Affiliate,328,17,1445.15,179.62
2026-09-27,South,Search,493,30,2753.09,374.85
2026-09-27,South,Social,549,13,1116.43,296.73
2026-09-27,South,Email,276,26,2147.28,97.84
2026-09-27,South,Affiliate,365,25,2282.94,189.2
2026-09-27,North,Search,485,31,2557.0,376.59
2026-09-27,North,Social,553,17,1486.31,309.27
2026-09-27,North,Email,282,34,3512.04,103.8
2026-09-27,North,Affiliate,300,14,1431.58,182.41
2026-09-27,West,Search,431,29,2500.53,350.99
2026-09-27,West,Social,508,15,1416.57,319.46
2026-09-27,West,Email,247,23,1736.38,101.25
2026-09-27,West,Affiliate,305,18,2010.76,199.91
2026-09-28,East,Search,540,34,3494.07,368.49
2026-09-28,East,Social,637,24,2297.19,319.65
2026-09-28,East,Email,319,28,2484.48,93.91
2026-09-28,East,Affiliate,406,26,1997.57,199.47
2026-09-28,South,Search,532,44,3580.72,368.06
2026-09-28,South,Social,548,28,2190.19,307.57
2026-09-28,South,Email,279,21,1875.17,95.82
2026-09-28,South,Affiliate,352,22,1778.06,193.46
2026-09-28,North,Search,430,25,2366.27,370.03
2026-09-28,North,Social,535,25,2313.7,315.94
2026-09-28,North,Email,253,16,1454.35,93.4
2026-09-28,North,Affiliate,325,19,1660.57,184.01
2026-09-28,West,Search,430,25,1877.05,368.78
2026-09-28,West,Social,459,15,1359.33,327.96
2026-09-28,West,Email,216,21,1983.18,95.31
2026-09-28,West,Affiliate,278,25,2187.96,200.11
2026-09-29,East,Search,533,28,2484.29,379.06
2026-09-29,East,Social,630,17,1749.94,321.43
2026-09-29,East,Email,285,37,2966.2,98.08
2026-09-29,East,Affiliate,398,31,2345.69,179.67
2026-09-29,South,Search,432,30,2885.14,347.32
2026-09-29,South,Social,569,13,1356.73,315.71
2026-09-29,South,Email,267,21,2178.15,94.37
2026-09-29,South,Affiliate,336,20,1814.04,179.58
2026-09-29,North,Search,446,24,2136.86,359.53
2026-09-29,North,Social,465,21,1993.12,321.99
2026-09-29,North,Email,267,22,2073.58,96.82
2026-09-29,North,Affiliate,331,20,2189.95,193.34
2026-09-29,West,Search,394,29,2857.54,359.53
2026-09-29,West,Social,468,17,1583.16,322.66
2026-09-29,West,Email,237,20,1707.47,98.76
2026-09-29,West,Affiliate,312,18,1546.29,184.23
2026-09-30,East,Search,574,36,3402.34,362.89
2026-09-30,East,Social,553,12,1163.38,326.29
2026-09-30,East,Email,295,22,2146.13,97.29
2026-09-30,East,Affiliate,417,40,3203.84,198.22
2026-09-30,South,Search,509,35,2693.09,374.47
2026-09-30,South,Social,564,25,2260.74,313.74
2026-09-30,South,Email,301,26,2164.64,94.58
2026-09-30,South,Affiliate,348,24,2013.14,195.78
2026-09-30,North,Search,448,29,2962.47,358.7
2026-09-30,North,Social,454,18,1588.69,306.09
2026-09-30,North,Email,257,26,2520.53,96.68
2026-09-30,North,Affiliate,311,25,2054.74,186.6
2026-09-30,West,Search,393,25,2218.04,358.39
2026-09-30,West,Social,518,26,2114.47,323.76
2026-09-30,West,Email,240,22,2151.23,100.2
2026-09-30,West,Affiliate,275,15,1380.33,185.17
